version,programa,hilos_o_nodos,n_muestras,filtrado_real_s_media,filtrado_real_s_std,filtrado_cpu_s_media,filtrado_cpu_s_std,comunicacion_real_s_media,comunicacion_real_s_std,speedup,eficiencia
secuencial,secuencial,1,20,0.1471624,0.0832490743513578,0.14659819999999998,0.08293189655411938,,,1.0,1.0
pthreads-4,pthreads,4,20,0.0398924,0.022211151432036166,0.15633245,0.08703181598852529,,,3.688983365252529,0.9222458413131323
openmp-1,openmp,1,20,0.14778070000000001,0.08312623122007055,0.14715165,0.08285028716735482,,,0.995816097771901,0.995816097771901
openmp-2,openmp,2,20,0.07559335,0.042149562748902684,0.14917375,0.08391186120026242,,,1.9467638357077706,0.9733819178538853
openmp-4,openmp,4,20,0.03923615,0.02135595861451171,0.1511369,0.08473219307472592,,,3.750683999322054,0.9376709998305135
openmp-12,openmp,12,20,0.024312149999999998,0.014597274350028503,0.2562065,0.16179364544333039,,,6.05303932395942,0.504419943663285
mpi-1,mpi,1,20,0.15159095,0.08521804406868363,0.15103135,0.08491517907906071,0.0179751,0.01089201519656052,0.9707861847953324,0.9707861847953324
mpi-2,mpi,2,20,0.0771742,0.04393726187190093,0.07689825,0.04379589073114293,0.018523,0.010873680309521894,1.9068859800295954,0.9534429900147977
mpi-4,mpi,4,20,0.0395838,0.02305351873267712,0.0394432,0.022973925024046854,0.018211250000000002,0.010563221293341592,3.717743117133777,0.9294357792834442
openmp-6,openmp,6,20,0.026975850000000003,0.014556341859984494,0.15124785000000002,0.08545252987002105,,,5.455338756702754,0.9092231261171256
