version,programa,hilos_o_nodos,n,total_real_media,total_real_std,speedup_total,speedup_filtrado
secuencial,secuencial,1,20,0.44391579999999997,0.2515720582877116,1.0,1.0
pthreads-4,pthreads,4,20,0.33756135,0.1909162307415356,1.315067024112802,3.688983365252529
openmp-1,openmp,1,20,0.4548232,0.2579486550203354,0.9760183737329142,0.995816097771901
openmp-2,openmp,2,20,0.38304335,0.2181727843199598,1.1589179135990744,1.9467638357077706
openmp-4,openmp,4,20,0.34768735000000006,0.19572376707123557,1.2767671875321316,3.750683999322054
openmp-12,openmp,12,20,0.34014555,0.19135634043611577,1.3050760181928,6.05303932395942
mpi-1,mpi,1,20,0.47784085000000004,0.2710206377009294,0.9290034537649929,0.9707861847953324
mpi-2,mpi,2,20,0.4070419,0.23203160596234115,1.090589936809945,1.9068859800295954
mpi-4,mpi,4,20,0.37655025,0.2203879857581015,1.1789018862688314,3.717743117133777
mpi-docker-2,mpi-docker,2,20,0.4760211,0.27042598424666764,0.9325548804454257,1.8491664687603275
mpi-docker-1,mpi-docker,1,20,0.5452287,0.30953043263170166,0.81418274569919,0.9432531833314319
mpi-docker-4,mpi-docker,4,20,0.45037289999999996,0.250343246369733,0.9856627696737525,3.602034984402288
openmp-6,openmp,6,20,0.33522005,0.18697839898303903,1.3242519354078015,5.455338756702754
