version,programa,n,speedup_filtrado_medido,speedup_total_predicho_amdahl,speedup_total_medido
pthreads-4,pthreads,4,3.688983365252529,1.3186435119642068,1.315067024112802
openmp-2,openmp,2,1.9467638357077706,1.19221075516303,1.1589179135990744
openmp-4,openmp,4,3.750683999322054,1.3212190676763609,1.2767671875321316
openmp-6,openmp,6,5.455338756702754,1.3712563816831504,1.3242519354078015
openmp-12,openmp,12,6.05303932395942,1.3826329234014676,1.3050760181928
mpi-2,mpi,2,1.9068859800295954,1.1871704575966042,1.090589936809945
mpi-4,mpi,4,3.717743117133777,1.319853409019282,1.1789018862688314
mpi-docker-2,mpi-docker,2,1.8491664687603275,1.1795714739335674,0.9325548804454257
mpi-docker-4,mpi-docker,4,3.602034984402288,1.3148823897484885,0.9856627696737525
