version,programa,hilos_o_nodos,n,filtrado_real_media,filtrado_cpu_media,razon_cpu_real
secuencial,secuencial,1,20,0.1471624,0.14659819999999998,0.9961661402640891
pthreads-4,pthreads,4,20,0.0398924,0.15633245,3.9188529644744365
openmp-1,openmp,1,20,0.14778070000000001,0.14715165,0.9957433548494491
openmp-2,openmp,2,20,0.07559335,0.14917375,1.9733713349123962
openmp-4,openmp,4,20,0.03923615,0.1511369,3.851980890072038
openmp-12,openmp,12,20,0.024312149999999998,0.2562065,10.538208262124083
mpi-1,mpi,1,20,0.15159095,0.15103135,0.996308486753332
mpi-2,mpi,2,20,0.0771742,0.07689825,0.9964243231546295
mpi-4,mpi,4,20,0.0395838,0.0394432,0.9964480418757167
mpi-docker-2,mpi-docker,2,20,0.07958309999999999,0.07920574999999999,0.9952584154173436
mpi-docker-1,mpi-docker,1,20,0.15601579999999998,0.1554227,0.9961984619506487
mpi-docker-4,mpi-docker,4,20,0.04085535,0.0407,0.9961975604174239
openmp-6,openmp,6,20,0.026975850000000003,0.15124785000000002,5.606787181868227
