version,imagen,formato,programa,hilos_o_nodos,n_muestras,filtrado_real_s_media,filtrado_real_s_std,lectura_real_s_media,escritura_real_s_media
secuencial,damma,pgm,secuencial,1,5,0.092608,0.0009303931964497573,0.0716172,0.1432612
secuencial,damma,ppm,secuencial,1,5,0.2728878,0.0027176623594552763,0.21716739999999998,0.427539
secuencial,fruit,pgm,secuencial,1,5,0.029392400000000003,0.000335136240952839,0.0236006,0.0468366
secuencial,fruit,ppm,secuencial,1,5,0.0869466,0.001294867483567329,0.0702864,0.137811
secuencial,lena,pgm,secuencial,1,5,0.019212,0.00040858108130455736,0.014769599999999999,0.0306056
secuencial,lena,ppm,secuencial,1,5,0.0036,0.0002463828321941282,0.0030022,0.0059044
secuencial,puj,pgm,secuencial,1,5,0.0836378,0.0007938546466450862,0.066104,0.13855900000000002
secuencial,puj,ppm,secuencial,1,5,0.2496212,0.005380109961701516,0.199039,0.394506
secuencial,sulfur,pgm,secuencial,1,5,0.059900199999999994,0.0006022177347106272,0.0454086,0.0920846
secuencial,sulfur,ppm,secuencial,1,5,0.1760082,0.0015292765282969565,0.1358574,0.2748198
pthreads-4,damma,pgm,pthreads,4,5,0.02617,0.0006751555376355896,0.0712126,0.18396099999999999
pthreads-4,damma,ppm,pthreads,4,5,0.0749016,0.0023015191287495294,0.21639599999999998,0.5499816
pthreads-4,sulfur,pgm,pthreads,4,5,0.0169544,0.00019114078580983123,0.0460556,0.1187716
pthreads-4,sulfur,ppm,pthreads,4,5,0.0474024,0.0003843960197504638,0.1397462,0.355597
openmp-1,damma,pgm,openmp,1,5,0.0927804,0.000639626297145444,0.0752384,0.1424532
openmp-1,damma,ppm,openmp,1,5,0.2755356,0.002221627961653352,0.21919840000000002,0.42526539999999996
openmp-1,sulfur,pgm,openmp,1,5,0.0601994,0.0006633067163839042,0.0466568,0.0919316
openmp-1,sulfur,ppm,openmp,1,5,0.1766212,0.0016565959676396612,0.139129,0.2715212
openmp-2,damma,pgm,openmp,2,5,0.049159600000000005,0.0009751301451601182,0.07480220000000001,0.181736
openmp-2,damma,ppm,openmp,2,5,0.1448942,0.0009211116653261959,0.2325156,0.5475348
openmp-2,sulfur,pgm,openmp,2,5,0.0331672,0.003123500952457036,0.0472702,0.122573
openmp-2,sulfur,ppm,openmp,2,5,0.09487280000000001,0.002647749742706058,0.140034,0.3575304
openmp-4,damma,pgm,openmp,4,5,0.0261466,0.00047336170102787084,0.072433,0.1864334
openmp-4,damma,ppm,openmp,4,5,0.0753804,0.0021073234920154053,0.220905,0.5446715999999999
openmp-4,sulfur,pgm,openmp,4,5,0.0190646,0.00126591697990034,0.0476162,0.12446519999999998
openmp-4,sulfur,ppm,openmp,4,5,0.050283,0.004703180041206163,0.1374602,0.363367
openmp-12,damma,pgm,openmp,12,5,0.0228942,0.003186667020571807,0.0727874,0.19065159999999998
openmp-12,damma,ppm,openmp,12,5,0.051967799999999995,0.002623446149628385,0.2168528,0.5538722
openmp-12,sulfur,pgm,openmp,12,5,0.0148808,0.002435531091979735,0.0468404,0.125413
openmp-12,sulfur,ppm,openmp,12,5,0.0373894,0.0037842078167035155,0.1403318,0.3607008
mpi-1,damma,pgm,mpi,1,5,0.0994064,0.009621259054822293,,
mpi-1,damma,ppm,mpi,1,5,0.2863214,0.004495456128136495,,
mpi-1,sulfur,pgm,mpi,1,5,0.0644216,0.004576734184983874,,
mpi-1,sulfur,ppm,mpi,1,5,0.1817534,0.0009519833506947519,,
mpi-2,damma,pgm,mpi,2,5,0.0497352,0.0017105412009068926,,
mpi-2,damma,ppm,mpi,2,5,0.143108,0.0014851531907517257,,
mpi-2,sulfur,pgm,mpi,2,5,0.031842,0.0005679273721172474,,
mpi-2,sulfur,ppm,mpi,2,5,0.0923654,0.0009974316016649958,,
mpi-4,damma,pgm,mpi,4,5,0.028610999999999998,0.0033278765752353242,,
mpi-4,damma,ppm,mpi,4,5,0.0805008,0.0033498033076585255,,
mpi-4,sulfur,pgm,mpi,4,5,0.0173096,0.000895171938791648,,
mpi-4,sulfur,ppm,mpi,4,5,0.051743800000000006,0.0014821803871324147,,
