programa,hilos_o_nodos,imagen,formato,repeticion,rank,filtro,ancho,alto,lectura_real_s,lectura_cpu_s,filtrado_real_s,filtrado_cpu_s,escritura_real_s,escritura_cpu_s,comunicacion_real_s,comunicacion_cpu_s,total_real_s,total_cpu_s
secuencial,1,lena,pgm,1,,blur,512,512,0.014642,0.014514,0.006403,0.006351,0.009869,0.009790,,,0.030913,0.030655
secuencial,1,lena,pgm,1,,laplace,512,512,0.014642,0.014514,0.006466,0.006422,0.010145,0.010054,,,0.031252,0.030990
secuencial,1,lena,pgm,1,,sharpen,512,512,0.014642,0.014514,0.005925,0.005881,0.009965,0.009877,,,0.030531,0.030272
secuencial,1,lena,pgm,2,,blur,512,512,0.014631,0.014576,0.006569,0.006501,0.010032,0.009898,,,0.031232,0.030975
secuencial,1,lena,pgm,2,,laplace,512,512,0.014631,0.014576,0.006391,0.006361,0.010198,0.010145,,,0.031220,0.031082
secuencial,1,lena,pgm,2,,sharpen,512,512,0.014631,0.014576,0.005939,0.005904,0.010154,0.010100,,,0.030724,0.030580
secuencial,1,lena,pgm,3,,blur,512,512,0.014682,0.014539,0.006366,0.006313,0.009982,0.009892,,,0.031031,0.030744
secuencial,1,lena,pgm,3,,laplace,512,512,0.014682,0.014539,0.007132,0.007100,0.010940,0.010885,,,0.032754,0.032524
secuencial,1,lena,pgm,3,,sharpen,512,512,0.014682,0.014539,0.006262,0.006235,0.010079,0.010034,,,0.031023,0.030808
secuencial,1,lena,pgm,4,,blur,512,512,0.015286,0.015190,0.006499,0.006468,0.010001,0.009962,,,0.031787,0.031620
secuencial,1,lena,pgm,4,,laplace,512,512,0.015286,0.015190,0.006485,0.006459,0.010099,0.010047,,,0.031870,0.031696
secuencial,1,lena,pgm,4,,sharpen,512,512,0.015286,0.015190,0.006122,0.006092,0.010066,0.010011,,,0.031474,0.031293
secuencial,1,lena,pgm,5,,blur,512,512,0.014607,0.014489,0.006687,0.006636,0.010623,0.010445,,,0.031917,0.031570
secuencial,1,lena,pgm,5,,laplace,512,512,0.014607,0.014489,0.006775,0.006720,0.010956,0.010884,,,0.032338,0.032093
secuencial,1,lena,pgm,5,,sharpen,512,512,0.014607,0.014489,0.006039,0.005995,0.009919,0.009837,,,0.030566,0.030321
secuencial,1,lena,ppm,1,,blur,128,128,0.002853,0.002839,0.001172,0.001170,0.001980,0.001971,,,0.006005,0.005980
secuencial,1,lena,ppm,1,,laplace,128,128,0.002853,0.002839,0.001277,0.001273,0.002027,0.002009,,,0.006157,0.006121
secuencial,1,lena,ppm,1,,sharpen,128,128,0.002853,0.002839,0.001581,0.001531,0.001923,0.001902,,,0.006357,0.006272
secuencial,1,lena,ppm,2,,blur,128,128,0.003117,0.003095,0.001176,0.001172,0.002133,0.002108,,,0.006426,0.006375
secuencial,1,lena,ppm,2,,laplace,128,128,0.003117,0.003095,0.001198,0.001188,0.001952,0.001944,,,0.006268,0.006227
secuencial,1,lena,ppm,2,,sharpen,128,128,0.003117,0.003095,0.001078,0.001075,0.001947,0.001933,,,0.006142,0.006103
secuencial,1,lena,ppm,3,,blur,128,128,0.002823,0.002816,0.001235,0.001229,0.001896,0.001887,,,0.005954,0.005932
secuencial,1,lena,ppm,3,,laplace,128,128,0.002823,0.002816,0.001209,0.001207,0.001942,0.001936,,,0.005975,0.005959
secuencial,1,lena,ppm,3,,sharpen,128,128,0.002823,0.002816,0.001141,0.001133,0.001916,0.001907,,,0.005880,0.005856
secuencial,1,lena,ppm,4,,blur,128,128,0.003212,0.003118,0.001167,0.001164,0.001924,0.001898,,,0.006304,0.006180
secuencial,1,lena,ppm,4,,laplace,128,128,0.003212,0.003118,0.001197,0.001191,0.001927,0.001912,,,0.006337,0.006221
secuencial,1,lena,ppm,4,,sharpen,128,128,0.003212,0.003118,0.001094,0.001078,0.001992,0.001983,,,0.006299,0.006179
secuencial,1,lena,ppm,5,,blur,128,128,0.003006,0.002988,0.001200,0.001191,0.001913,0.001906,,,0.006119,0.006085
secuencial,1,lena,ppm,5,,laplace,128,128,0.003006,0.002988,0.001193,0.001187,0.001934,0.001927,,,0.006133,0.006102
secuencial,1,lena,ppm,5,,sharpen,128,128,0.003006,0.002988,0.001082,0.001073,0.002116,0.002085,,,0.006203,0.006146
secuencial,1,fruit,pgm,1,,blur,900,450,0.025517,0.025237,0.009850,0.009751,0.015137,0.015028,,,0.050505,0.050016
secuencial,1,fruit,pgm,1,,laplace,900,450,0.025517,0.025237,0.009961,0.009879,0.018063,0.017860,,,0.053541,0.052976
secuencial,1,fruit,pgm,1,,sharpen,900,450,0.025517,0.025237,0.009278,0.009221,0.015091,0.014947,,,0.049887,0.049405
secuencial,1,fruit,pgm,2,,blur,900,450,0.022957,0.022776,0.010113,0.010055,0.015873,0.015763,,,0.048943,0.048594
secuencial,1,fruit,pgm,2,,laplace,900,450,0.022957,0.022776,0.010057,0.010013,0.014990,0.014935,,,0.048004,0.047724
secuencial,1,fruit,pgm,2,,sharpen,900,450,0.022957,0.022776,0.009082,0.009047,0.015840,0.015757,,,0.047879,0.047580
secuencial,1,fruit,pgm,3,,blur,900,450,0.023502,0.023313,0.009889,0.009846,0.015658,0.015549,,,0.049049,0.048708
secuencial,1,fruit,pgm,3,,laplace,900,450,0.023502,0.023313,0.010089,0.010042,0.015489,0.015373,,,0.049079,0.048728
secuencial,1,fruit,pgm,3,,sharpen,900,450,0.023502,0.023313,0.009160,0.009126,0.015337,0.015262,,,0.047999,0.047701
secuencial,1,fruit,pgm,4,,blur,900,450,0.022969,0.022781,0.010362,0.010303,0.016041,0.015886,,,0.049372,0.048970
secuencial,1,fruit,pgm,4,,laplace,900,450,0.022969,0.022781,0.009921,0.009884,0.015141,0.015003,,,0.048031,0.047668
secuencial,1,fruit,pgm,4,,sharpen,900,450,0.022969,0.022781,0.009338,0.009283,0.015707,0.015563,,,0.048014,0.047627
secuencial,1,fruit,pgm,5,,blur,900,450,0.023058,0.022901,0.009932,0.009864,0.015330,0.015247,,,0.048321,0.048012
secuencial,1,fruit,pgm,5,,laplace,900,450,0.023058,0.022901,0.010019,0.009963,0.015311,0.015211,,,0.048389,0.048075
secuencial,1,fruit,pgm,5,,sharpen,900,450,0.023058,0.022901,0.009911,0.009825,0.015175,0.015100,,,0.048145,0.047826
secuencial,1,fruit,ppm,1,,blur,900,450,0.068419,0.068014,0.030164,0.029928,0.046462,0.046174,,,0.145045,0.144116
secuencial,1,fruit,ppm,1,,laplace,900,450,0.068419,0.068014,0.030486,0.030349,0.045570,0.045268,,,0.144474,0.143631
secuencial,1,fruit,ppm,1,,sharpen,900,450,0.068419,0.068014,0.028568,0.028312,0.047001,0.046796,,,0.143988,0.143122
secuencial,1,fruit,ppm,2,,blur,900,450,0.069222,0.068710,0.029437,0.029220,0.046110,0.045757,,,0.144770,0.143687
secuencial,1,fruit,ppm,2,,laplace,900,450,0.069222,0.068710,0.029600,0.029383,0.044597,0.044236,,,0.143419,0.142329
secuencial,1,fruit,ppm,2,,sharpen,900,450,0.069222,0.068710,0.026913,0.026725,0.046787,0.046559,,,0.142923,0.141994
secuencial,1,fruit,ppm,3,,blur,900,450,0.075967,0.075373,0.029499,0.029373,0.047211,0.046994,,,0.152678,0.151740
secuencial,1,fruit,ppm,3,,laplace,900,450,0.075967,0.075373,0.029914,0.029779,0.044291,0.044110,,,0.150173,0.149262
secuencial,1,fruit,ppm,3,,sharpen,900,450,0.075967,0.075373,0.027076,0.026955,0.047246,0.047030,,,0.150289,0.149358
secuencial,1,fruit,ppm,4,,blur,900,450,0.069498,0.068876,0.029278,0.029106,0.045752,0.045536,,,0.144528,0.143518
secuencial,1,fruit,ppm,4,,laplace,900,450,0.069498,0.068876,0.029856,0.029710,0.044040,0.043867,,,0.143393,0.142453
secuencial,1,fruit,ppm,4,,sharpen,900,450,0.069498,0.068876,0.027478,0.027361,0.046858,0.046654,,,0.143834,0.142891
secuencial,1,fruit,ppm,5,,blur,900,450,0.068326,0.067789,0.029727,0.029486,0.045261,0.045055,,,0.143314,0.142330
secuencial,1,fruit,ppm,5,,laplace,900,450,0.068326,0.067789,0.029846,0.029722,0.045345,0.045156,,,0.143517,0.142667
secuencial,1,fruit,ppm,5,,sharpen,900,450,0.068326,0.067789,0.026891,0.026791,0.046524,0.046337,,,0.141741,0.140917
secuencial,1,puj,pgm,1,,blur,1920,600,0.065880,0.065383,0.028040,0.027939,0.048046,0.047637,,,0.141966,0.140959
secuencial,1,puj,pgm,1,,laplace,1920,600,0.065880,0.065383,0.029075,0.028819,0.045185,0.044849,,,0.140140,0.139051
secuencial,1,puj,pgm,1,,sharpen,1920,600,0.065880,0.065383,0.026135,0.025969,0.044991,0.044713,,,0.137007,0.136065
secuencial,1,puj,pgm,2,,blur,1920,600,0.066204,0.065824,0.029175,0.028958,0.043178,0.042974,,,0.138557,0.137756
secuencial,1,puj,pgm,2,,laplace,1920,600,0.066204,0.065824,0.029258,0.029032,0.043948,0.043611,,,0.139411,0.138467
secuencial,1,puj,pgm,2,,sharpen,1920,600,0.066204,0.065824,0.026139,0.025943,0.044704,0.044375,,,0.137047,0.136142
secuencial,1,puj,pgm,3,,blur,1920,600,0.065643,0.065171,0.028195,0.027977,0.047688,0.047335,,,0.141527,0.140483
secuencial,1,puj,pgm,3,,laplace,1920,600,0.065643,0.065171,0.028412,0.028291,0.046664,0.046470,,,0.140719,0.139932
secuencial,1,puj,pgm,3,,sharpen,1920,600,0.065643,0.065171,0.026115,0.026014,0.047380,0.047191,,,0.139137,0.138376
secuencial,1,puj,pgm,4,,blur,1920,600,0.066994,0.066466,0.028539,0.028331,0.044319,0.043969,,,0.139851,0.138766
secuencial,1,puj,pgm,4,,laplace,1920,600,0.066994,0.066466,0.028512,0.028343,0.044022,0.043808,,,0.139528,0.138617
secuencial,1,puj,pgm,4,,sharpen,1920,600,0.066994,0.066466,0.026228,0.026094,0.045157,0.044853,,,0.138379,0.137413
secuencial,1,puj,pgm,5,,blur,1920,600,0.065799,0.065463,0.028698,0.028405,0.044184,0.043839,,,0.138681,0.137707
secuencial,1,puj,pgm,5,,laplace,1920,600,0.065799,0.065463,0.028880,0.028602,0.056922,0.056385,,,0.151602,0.150450
secuencial,1,puj,pgm,5,,sharpen,1920,600,0.065799,0.065463,0.026788,0.026628,0.046407,0.046190,,,0.138994,0.138281
secuencial,1,puj,ppm,1,,blur,1920,600,0.195631,0.194743,0.084848,0.084330,0.129200,0.128429,,,0.409679,0.407502
secuencial,1,puj,ppm,1,,laplace,1920,600,0.195631,0.194743,0.084508,0.084004,0.129675,0.128922,,,0.409814,0.407669
secuencial,1,puj,ppm,1,,sharpen,1920,600,0.195631,0.194743,0.077243,0.076759,0.130188,0.129556,,,0.403062,0.401058
secuencial,1,puj,ppm,2,,blur,1920,600,0.199087,0.197938,0.083087,0.082601,0.129098,0.128437,,,0.411272,0.408976
secuencial,1,puj,ppm,2,,laplace,1920,600,0.199087,0.197938,0.083583,0.083252,0.131614,0.131023,,,0.414285,0.412213
secuencial,1,puj,ppm,2,,sharpen,1920,600,0.199087,0.197938,0.077294,0.076493,0.136023,0.135091,,,0.412404,0.409522
secuencial,1,puj,ppm,3,,blur,1920,600,0.198285,0.197055,0.086975,0.086426,0.131407,0.130627,,,0.416667,0.414108
secuencial,1,puj,ppm,3,,laplace,1920,600,0.198285,0.197055,0.087559,0.086976,0.131014,0.130139,,,0.416857,0.414170
secuencial,1,puj,ppm,3,,sharpen,1920,600,0.198285,0.197055,0.079767,0.079296,0.133056,0.132179,,,0.411108,0.408530
secuencial,1,puj,ppm,4,,blur,1920,600,0.202883,0.200460,0.084711,0.084151,0.133689,0.132817,,,0.421283,0.417428
secuencial,1,puj,ppm,4,,laplace,1920,600,0.202883,0.200460,0.085131,0.084656,0.131029,0.130231,,,0.419042,0.415347
secuencial,1,puj,ppm,4,,sharpen,1920,600,0.202883,0.200460,0.077049,0.076640,0.134073,0.133230,,,0.414004,0.410330
secuencial,1,puj,ppm,5,,blur,1920,600,0.199309,0.198071,0.088613,0.087592,0.130421,0.129649,,,0.418342,0.415312
secuencial,1,puj,ppm,5,,laplace,1920,600,0.199309,0.198071,0.087880,0.087341,0.129732,0.129006,,,0.416922,0.414418
secuencial,1,puj,ppm,5,,sharpen,1920,600,0.199309,0.198071,0.079858,0.079413,0.132311,0.131544,,,0.411478,0.409028
secuencial,1,damma,pgm,1,,blur,1000,1278,0.070706,0.070251,0.031405,0.031244,0.046502,0.046215,,,0.148613,0.147710
secuencial,1,damma,pgm,1,,laplace,1000,1278,0.070706,0.070251,0.031489,0.031344,0.046403,0.046101,,,0.148598,0.147696
secuencial,1,damma,pgm,1,,sharpen,1000,1278,0.070706,0.070251,0.031164,0.030951,0.051045,0.050582,,,0.152915,0.151784
secuencial,1,damma,pgm,2,,blur,1000,1278,0.071732,0.071253,0.031832,0.031550,0.048310,0.047975,,,0.151874,0.150778
secuencial,1,damma,pgm,2,,laplace,1000,1278,0.071732,0.071253,0.031908,0.031676,0.047729,0.047439,,,0.151368,0.150368
secuencial,1,damma,pgm,2,,sharpen,1000,1278,0.071732,0.071253,0.029221,0.029040,0.048331,0.047998,,,0.149284,0.148291
secuencial,1,damma,pgm,3,,blur,1000,1278,0.073888,0.073344,0.031518,0.031325,0.047776,0.047472,,,0.153181,0.152141
secuencial,1,damma,pgm,3,,laplace,1000,1278,0.073888,0.073344,0.031537,0.031356,0.047027,0.046743,,,0.152453,0.151443
secuencial,1,damma,pgm,3,,sharpen,1000,1278,0.073888,0.073344,0.029226,0.029051,0.047024,0.046708,,,0.150139,0.149103
secuencial,1,damma,pgm,4,,blur,1000,1278,0.071685,0.071127,0.031430,0.031244,0.047026,0.046786,,,0.150141,0.149157
secuencial,1,damma,pgm,4,,laplace,1000,1278,0.071685,0.071127,0.031578,0.031443,0.047092,0.046865,,,0.150355,0.149435
secuencial,1,damma,pgm,4,,sharpen,1000,1278,0.071685,0.071127,0.029002,0.028852,0.046844,0.046614,,,0.147531,0.146593
secuencial,1,damma,pgm,5,,blur,1000,1278,0.070075,0.069722,0.031132,0.030987,0.050751,0.050452,,,0.151958,0.151161
secuencial,1,damma,pgm,5,,laplace,1000,1278,0.070075,0.069722,0.031723,0.031526,0.046641,0.046386,,,0.148440,0.147634
secuencial,1,damma,pgm,5,,sharpen,1000,1278,0.070075,0.069722,0.028875,0.028741,0.047805,0.047510,,,0.146755,0.145973
secuencial,1,damma,ppm,1,,blur,1000,1278,0.214249,0.212525,0.092633,0.091911,0.141151,0.140070,,,0.448032,0.444506
secuencial,1,damma,ppm,1,,laplace,1000,1278,0.214249,0.212525,0.094306,0.093562,0.145261,0.143741,,,0.453816,0.449828
secuencial,1,damma,ppm,1,,sharpen,1000,1278,0.214249,0.212525,0.085889,0.085159,0.143798,0.142585,,,0.443935,0.440269
secuencial,1,damma,ppm,2,,blur,1000,1278,0.219546,0.218043,0.094626,0.094007,0.145728,0.144349,,,0.459901,0.456399
secuencial,1,damma,ppm,2,,laplace,1000,1278,0.219546,0.218043,0.096791,0.095948,0.138991,0.138232,,,0.455328,0.452223
secuencial,1,damma,ppm,2,,sharpen,1000,1278,0.219546,0.218043,0.086074,0.085619,0.142229,0.141448,,,0.447849,0.445110
secuencial,1,damma,ppm,3,,blur,1000,1278,0.215115,0.213759,0.092911,0.092285,0.143058,0.142045,,,0.451084,0.448089
secuencial,1,damma,ppm,3,,laplace,1000,1278,0.215115,0.213759,0.094221,0.093611,0.140723,0.139866,,,0.450059,0.447236
secuencial,1,damma,ppm,3,,sharpen,1000,1278,0.215115,0.213759,0.085099,0.084661,0.141311,0.140588,,,0.441525,0.439008
secuencial,1,damma,ppm,4,,blur,1000,1278,0.223389,0.221640,0.092488,0.091872,0.156744,0.155724,,,0.472621,0.469236
secuencial,1,damma,ppm,4,,laplace,1000,1278,0.223389,0.221640,0.094057,0.093409,0.137936,0.137143,,,0.455382,0.452192
secuencial,1,damma,ppm,4,,sharpen,1000,1278,0.223389,0.221640,0.084827,0.084245,0.140147,0.139254,,,0.448363,0.445139
secuencial,1,damma,ppm,5,,blur,1000,1278,0.213538,0.212122,0.092068,0.091662,0.141675,0.140967,,,0.447281,0.444751
secuencial,1,damma,ppm,5,,laplace,1000,1278,0.213538,0.212122,0.093393,0.092954,0.137656,0.136921,,,0.444586,0.441997
secuencial,1,damma,ppm,5,,sharpen,1000,1278,0.213538,0.212122,0.085056,0.084480,0.141287,0.140398,,,0.439881,0.437000
secuencial,1,sulfur,pgm,1,,blur,823,1000,0.044086,0.043890,0.020204,0.020104,0.030277,0.030132,,,0.094567,0.094126
secuencial,1,sulfur,pgm,1,,laplace,823,1000,0.044086,0.043890,0.020691,0.020572,0.030288,0.030159,,,0.095064,0.094621
secuencial,1,sulfur,pgm,1,,sharpen,823,1000,0.044086,0.043890,0.018733,0.018648,0.030419,0.030241,,,0.093238,0.092779
secuencial,1,sulfur,pgm,2,,blur,823,1000,0.046032,0.045564,0.020475,0.020351,0.033320,0.033131,,,0.099827,0.099046
secuencial,1,sulfur,pgm,2,,laplace,823,1000,0.046032,0.045564,0.020475,0.020337,0.030753,0.030534,,,0.097260,0.096435
secuencial,1,sulfur,pgm,2,,sharpen,823,1000,0.046032,0.045564,0.018784,0.018666,0.030738,0.030561,,,0.095554,0.094791
secuencial,1,sulfur,pgm,3,,blur,823,1000,0.044695,0.044444,0.020751,0.020585,0.030096,0.029966,,,0.095541,0.094995
secuencial,1,sulfur,pgm,3,,laplace,823,1000,0.044695,0.044444,0.021402,0.021232,0.030290,0.030082,,,0.096387,0.095758
secuencial,1,sulfur,pgm,3,,sharpen,823,1000,0.044695,0.044444,0.018732,0.018493,0.029786,0.029647,,,0.093212,0.092584
secuencial,1,sulfur,pgm,4,,blur,823,1000,0.045548,0.045158,0.020078,0.019900,0.030129,0.029963,,,0.095755,0.095021
secuencial,1,sulfur,pgm,4,,laplace,823,1000,0.045548,0.045158,0.020467,0.020225,0.030821,0.030564,,,0.096835,0.095947
secuencial,1,sulfur,pgm,4,,sharpen,823,1000,0.045548,0.045158,0.019421,0.019221,0.030751,0.030408,,,0.095720,0.094787
secuencial,1,sulfur,pgm,5,,blur,823,1000,0.046682,0.046171,0.020176,0.019960,0.032030,0.031773,,,0.098887,0.097904
secuencial,1,sulfur,pgm,5,,laplace,823,1000,0.046682,0.046171,0.020269,0.020126,0.030288,0.030119,,,0.097238,0.096416
secuencial,1,sulfur,pgm,5,,sharpen,823,1000,0.046682,0.046171,0.018843,0.018670,0.030437,0.030279,,,0.095961,0.095120
secuencial,1,sulfur,ppm,1,,blur,823,1000,0.140418,0.139210,0.060307,0.059847,0.092847,0.091938,,,0.293572,0.290995
secuencial,1,sulfur,ppm,1,,laplace,823,1000,0.140418,0.139210,0.061027,0.060520,0.088944,0.088543,,,0.290389,0.288273
secuencial,1,sulfur,ppm,1,,sharpen,823,1000,0.140418,0.139210,0.054941,0.054536,0.089940,0.089412,,,0.285299,0.283158
secuencial,1,sulfur,ppm,2,,blur,823,1000,0.134297,0.133478,0.059158,0.058712,0.090984,0.090364,,,0.284438,0.282554
secuencial,1,sulfur,ppm,2,,laplace,823,1000,0.134297,0.133478,0.060063,0.059691,0.090641,0.089971,,,0.285001,0.283140
secuencial,1,sulfur,ppm,2,,sharpen,823,1000,0.134297,0.133478,0.054535,0.054251,0.090111,0.089711,,,0.278943,0.277440
secuencial,1,sulfur,ppm,3,,blur,823,1000,0.137668,0.136980,0.059524,0.059139,0.091982,0.091355,,,0.289174,0.287474
secuencial,1,sulfur,ppm,3,,laplace,823,1000,0.137668,0.136980,0.060997,0.060540,0.090258,0.089569,,,0.288922,0.287089
secuencial,1,sulfur,ppm,3,,sharpen,823,1000,0.137668,0.136980,0.055100,0.054679,0.090258,0.089803,,,0.283026,0.281462
secuencial,1,sulfur,ppm,4,,blur,823,1000,0.132443,0.131732,0.059918,0.059307,0.090339,0.089732,,,0.282700,0.280771
secuencial,1,sulfur,ppm,4,,laplace,823,1000,0.132443,0.131732,0.060039,0.059754,0.102301,0.101642,,,0.294782,0.293128
secuencial,1,sulfur,ppm,4,,sharpen,823,1000,0.132443,0.131732,0.058027,0.057671,0.090383,0.089615,,,0.280852,0.279018
secuencial,1,sulfur,ppm,5,,blur,823,1000,0.134461,0.133496,0.060771,0.060261,0.091267,0.090840,,,0.286499,0.284597
secuencial,1,sulfur,ppm,5,,laplace,823,1000,0.134461,0.133496,0.060629,0.060325,0.091290,0.090050,,,0.286380,0.283871
secuencial,1,sulfur,ppm,5,,sharpen,823,1000,0.134461,0.133496,0.055005,0.054792,0.092554,0.092076,,,0.282020,0.280364
pthreads,4,damma,pgm,1,,blur,1000,1278,0.070930,0.070000,0.008824,0.034466,0.059259,0.058808,,,0.139013,0.163274
pthreads,4,damma,pgm,1,,laplace,1000,1278,0.070930,0.070000,0.008907,0.034920,0.061848,0.061304,,,0.141685,0.166224
pthreads,4,damma,pgm,1,,sharpen,1000,1278,0.070930,0.070000,0.009040,0.033479,0.061937,0.061469,,,0.141908,0.164948
pthreads,4,damma,pgm,2,,blur,1000,1278,0.071862,0.071447,0.009509,0.036406,0.060418,0.060015,,,0.141790,0.167868
pthreads,4,damma,pgm,2,,laplace,1000,1278,0.071862,0.071447,0.009211,0.035878,0.060134,0.059396,,,0.141207,0.166721
pthreads,4,damma,pgm,2,,sharpen,1000,1278,0.071862,0.071447,0.008009,0.030649,0.060778,0.060420,,,0.140649,0.162516
pthreads,4,damma,pgm,3,,blur,1000,1278,0.073776,0.073249,0.008649,0.034077,0.059865,0.059426,,,0.142290,0.166752
pthreads,4,damma,pgm,3,,laplace,1000,1278,0.073776,0.073249,0.008757,0.034276,0.062690,0.062191,,,0.145223,0.169716
pthreads,4,damma,pgm,3,,sharpen,1000,1278,0.073776,0.073249,0.008336,0.030996,0.061214,0.060714,,,0.143325,0.164959
pthreads,4,damma,pgm,4,,blur,1000,1278,0.069628,0.069073,0.008661,0.034147,0.061703,0.061403,,,0.139991,0.164623
pthreads,4,damma,pgm,4,,laplace,1000,1278,0.069628,0.069073,0.008824,0.034365,0.059862,0.059623,,,0.138314,0.163061
pthreads,4,damma,pgm,4,,sharpen,1000,1278,0.069628,0.069073,0.007728,0.030130,0.060658,0.060422,,,0.138014,0.159625
pthreads,4,damma,pgm,5,,blur,1000,1278,0.069867,0.069038,0.008875,0.034755,0.064217,0.063736,,,0.142960,0.167529
pthreads,4,damma,pgm,5,,laplace,1000,1278,0.069867,0.069038,0.008851,0.034650,0.062429,0.061840,,,0.141147,0.165528
pthreads,4,damma,pgm,5,,sharpen,1000,1278,0.069867,0.069038,0.008669,0.033076,0.062793,0.062300,,,0.141330,0.164414
pthreads,4,damma,ppm,1,,blur,1000,1278,0.217443,0.215573,0.024424,0.096012,0.182967,0.182093,,,0.424834,0.493678
pthreads,4,damma,ppm,1,,laplace,1000,1278,0.217443,0.215573,0.024871,0.097805,0.173009,0.172402,,,0.415323,0.485780
pthreads,4,damma,ppm,1,,sharpen,1000,1278,0.217443,0.215573,0.023939,0.090063,0.181701,0.180984,,,0.423084,0.486620
pthreads,4,damma,ppm,2,,blur,1000,1278,0.216303,0.214966,0.024618,0.097358,0.181345,0.179451,,,0.422266,0.491775
pthreads,4,damma,ppm,2,,laplace,1000,1278,0.216303,0.214966,0.024127,0.095435,0.181964,0.180457,,,0.422395,0.490858
pthreads,4,damma,ppm,2,,sharpen,1000,1278,0.216303,0.214966,0.024889,0.091550,0.187777,0.186226,,,0.428969,0.492742
pthreads,4,damma,ppm,3,,blur,1000,1278,0.216525,0.215001,0.026413,0.101176,0.182532,0.180563,,,0.425470,0.496740
pthreads,4,damma,ppm,3,,laplace,1000,1278,0.216525,0.215001,0.024423,0.096664,0.175439,0.173760,,,0.416387,0.485425
pthreads,4,damma,ppm,3,,sharpen,1000,1278,0.216525,0.215001,0.022685,0.087995,0.205062,0.202839,,,0.444272,0.505835
pthreads,4,damma,ppm,4,,blur,1000,1278,0.215880,0.213591,0.025144,0.098242,0.182001,0.179927,,,0.423025,0.491760
pthreads,4,damma,ppm,4,,laplace,1000,1278,0.215880,0.213591,0.025366,0.098688,0.177493,0.175595,,,0.418739,0.487874
pthreads,4,damma,ppm,4,,sharpen,1000,1278,0.215880,0.213591,0.024879,0.092001,0.190202,0.188583,,,0.430961,0.494175
pthreads,4,damma,ppm,5,,blur,1000,1278,0.215829,0.214345,0.026045,0.100476,0.188005,0.186477,,,0.429879,0.501298
pthreads,4,damma,ppm,5,,laplace,1000,1278,0.215829,0.214345,0.029427,0.110744,0.177192,0.175936,,,0.422448,0.501025
pthreads,4,damma,ppm,5,,sharpen,1000,1278,0.215829,0.214345,0.023258,0.089657,0.183219,0.182443,,,0.422306,0.486445
pthreads,4,sulfur,pgm,1,,blur,823,1000,0.045217,0.044976,0.005931,0.022478,0.038357,0.038206,,,0.089505,0.105660
pthreads,4,sulfur,pgm,1,,laplace,823,1000,0.045217,0.044976,0.005512,0.021534,0.038323,0.038160,,,0.089052,0.104670
pthreads,4,sulfur,pgm,1,,sharpen,823,1000,0.045217,0.044976,0.005568,0.020594,0.039717,0.039301,,,0.090502,0.104871
pthreads,4,sulfur,pgm,2,,blur,823,1000,0.046299,0.045757,0.005632,0.021899,0.038979,0.038524,,,0.090910,0.106180
pthreads,4,sulfur,pgm,2,,laplace,823,1000,0.046299,0.045757,0.005588,0.021987,0.038576,0.038142,,,0.090463,0.105886
pthreads,4,sulfur,pgm,2,,sharpen,823,1000,0.046299,0.045757,0.005523,0.020711,0.039412,0.039219,,,0.091234,0.105687
pthreads,4,sulfur,pgm,3,,blur,823,1000,0.045997,0.045613,0.006015,0.022893,0.041262,0.040958,,,0.093274,0.109464
pthreads,4,sulfur,pgm,3,,laplace,823,1000,0.045997,0.045613,0.005455,0.021526,0.038686,0.038232,,,0.090138,0.105371
pthreads,4,sulfur,pgm,3,,sharpen,823,1000,0.045997,0.045613,0.005781,0.020774,0.042000,0.041552,,,0.093778,0.107939
pthreads,4,sulfur,pgm,4,,blur,823,1000,0.046814,0.046255,0.006148,0.023041,0.039685,0.039469,,,0.092646,0.108765
pthreads,4,sulfur,pgm,4,,laplace,823,1000,0.046814,0.046255,0.005303,0.020902,0.038875,0.038600,,,0.090991,0.105757
pthreads,4,sulfur,pgm,4,,sharpen,823,1000,0.046814,0.046255,0.005422,0.020682,0.040128,0.039811,,,0.092363,0.106748
pthreads,4,sulfur,pgm,5,,blur,823,1000,0.045951,0.045621,0.005631,0.021997,0.038867,0.038577,,,0.090450,0.106195
pthreads,4,sulfur,pgm,5,,laplace,823,1000,0.045951,0.045621,0.005981,0.022899,0.038800,0.038492,,,0.090733,0.107012
pthreads,4,sulfur,pgm,5,,sharpen,823,1000,0.045951,0.045621,0.005282,0.020059,0.042191,0.041911,,,0.093424,0.107591
pthreads,4,sulfur,ppm,1,,blur,823,1000,0.135489,0.134672,0.016162,0.063030,0.116785,0.115983,,,0.268436,0.313685
pthreads,4,sulfur,ppm,1,,laplace,823,1000,0.135489,0.134672,0.016151,0.063369,0.116076,0.115019,,,0.267716,0.313060
pthreads,4,sulfur,ppm,1,,sharpen,823,1000,0.135489,0.134672,0.015474,0.059404,0.119988,0.119123,,,0.270952,0.313199
pthreads,4,sulfur,ppm,2,,blur,823,1000,0.136403,0.135749,0.016257,0.063849,0.114885,0.114120,,,0.267544,0.313718
pthreads,4,sulfur,ppm,2,,laplace,823,1000,0.136403,0.135749,0.016474,0.063361,0.114636,0.113777,,,0.267513,0.312887
pthreads,4,sulfur,ppm,2,,sharpen,823,1000,0.136403,0.135749,0.014319,0.056620,0.118096,0.117424,,,0.268818,0.309793
pthreads,4,sulfur,ppm,3,,blur,823,1000,0.137001,0.136202,0.016178,0.063196,0.114989,0.114405,,,0.268168,0.313803
pthreads,4,sulfur,ppm,3,,laplace,823,1000,0.137001,0.136202,0.016221,0.063545,0.113930,0.112574,,,0.267152,0.312321
pthreads,4,sulfur,ppm,3,,sharpen,823,1000,0.137001,0.136202,0.014673,0.056918,0.118334,0.117014,,,0.270008,0.310134
pthreads,4,sulfur,ppm,4,,blur,823,1000,0.154399,0.151907,0.015614,0.061391,0.120436,0.119647,,,0.290449,0.332945
pthreads,4,sulfur,ppm,4,,laplace,823,1000,0.154399,0.151907,0.016126,0.063331,0.116772,0.115467,,,0.287297,0.330705
pthreads,4,sulfur,ppm,4,,sharpen,823,1000,0.154399,0.151907,0.015524,0.058486,0.119843,0.118758,,,0.289765,0.329151
pthreads,4,sulfur,ppm,5,,blur,823,1000,0.135439,0.134010,0.016633,0.063639,0.117348,0.116143,,,0.269419,0.313792
pthreads,4,sulfur,ppm,5,,laplace,823,1000,0.135439,0.134010,0.015793,0.062055,0.114437,0.113318,,,0.265668,0.309383
pthreads,4,sulfur,ppm,5,,sharpen,823,1000,0.135439,0.134010,0.015413,0.058966,0.141430,0.140054,,,0.292281,0.333030
openmp,1,damma,pgm,1,,blur,1000,1278,0.077804,0.076567,0.031353,0.031061,0.046835,0.046469,,,0.155992,0.154097
openmp,1,damma,pgm,1,,laplace,1000,1278,0.077804,0.076567,0.031978,0.031697,0.047018,0.046599,,,0.156800,0.154863
openmp,1,damma,pgm,1,,sharpen,1000,1278,0.077804,0.076567,0.028858,0.028598,0.046377,0.045885,,,0.153039,0.151050
openmp,1,damma,pgm,2,,blur,1000,1278,0.071095,0.070395,0.031433,0.031072,0.047200,0.046724,,,0.149728,0.148191
openmp,1,damma,pgm,2,,laplace,1000,1278,0.071095,0.070395,0.031638,0.031311,0.046729,0.046254,,,0.149462,0.147960
openmp,1,damma,pgm,2,,sharpen,1000,1278,0.071095,0.070395,0.029134,0.028833,0.047325,0.046807,,,0.147554,0.146035
openmp,1,damma,pgm,3,,blur,1000,1278,0.069995,0.069288,0.031506,0.031159,0.047175,0.046687,,,0.148676,0.147134
openmp,1,damma,pgm,3,,laplace,1000,1278,0.069995,0.069288,0.031847,0.031482,0.046507,0.046078,,,0.148349,0.146848
openmp,1,damma,pgm,3,,sharpen,1000,1278,0.069995,0.069288,0.029304,0.028964,0.047319,0.046760,,,0.146618,0.145012
openmp,1,damma,pgm,4,,blur,1000,1278,0.080328,0.079038,0.032622,0.032284,0.048955,0.048585,,,0.161905,0.159907
openmp,1,damma,pgm,4,,laplace,1000,1278,0.080328,0.079038,0.031693,0.031548,0.047795,0.047373,,,0.159817,0.157959
openmp,1,damma,pgm,4,,sharpen,1000,1278,0.080328,0.079038,0.029343,0.029018,0.047878,0.047360,,,0.157549,0.155416
openmp,1,damma,pgm,5,,blur,1000,1278,0.076970,0.076215,0.032126,0.031618,0.048559,0.047974,,,0.157655,0.155807
openmp,1,damma,pgm,5,,laplace,1000,1278,0.076970,0.076215,0.031747,0.031295,0.049122,0.048543,,,0.157838,0.156053
openmp,1,damma,pgm,5,,sharpen,1000,1278,0.076970,0.076215,0.029320,0.029011,0.047472,0.046926,,,0.153761,0.152152
openmp,2,damma,pgm,1,,blur,1000,1278,0.074312,0.073690,0.015984,0.031429,0.062477,0.067137,,,0.152773,0.172256
openmp,2,damma,pgm,1,,laplace,1000,1278,0.074312,0.073690,0.018298,0.035803,0.060761,0.065585,,,0.153371,0.175078
openmp,2,damma,pgm,1,,sharpen,1000,1278,0.074312,0.073690,0.015243,0.029727,0.063658,0.068486,,,0.153213,0.171903
openmp,2,damma,pgm,2,,blur,1000,1278,0.074703,0.074031,0.016264,0.031704,0.059510,0.064931,,,0.150477,0.170666
openmp,2,damma,pgm,2,,laplace,1000,1278,0.074703,0.074031,0.017539,0.034781,0.059162,0.063719,,,0.151403,0.172531
openmp,2,damma,pgm,2,,sharpen,1000,1278,0.074703,0.074031,0.015649,0.030183,0.060466,0.065751,,,0.150818,0.169965
openmp,2,damma,pgm,3,,blur,1000,1278,0.077435,0.076778,0.017137,0.033442,0.060515,0.065526,,,0.155087,0.175746
openmp,2,damma,pgm,3,,laplace,1000,1278,0.077435,0.076778,0.016143,0.031473,0.059212,0.064293,,,0.152789,0.172544
openmp,2,damma,pgm,3,,sharpen,1000,1278,0.077435,0.076778,0.014667,0.028638,0.061185,0.066433,,,0.153286,0.171849
openmp,2,damma,pgm,4,,blur,1000,1278,0.071289,0.070831,0.017517,0.034733,0.061090,0.065466,,,0.149896,0.171030
openmp,2,damma,pgm,4,,laplace,1000,1278,0.071289,0.070831,0.015893,0.031109,0.059754,0.064595,,,0.146936,0.166535
openmp,2,damma,pgm,4,,sharpen,1000,1278,0.071289,0.070831,0.015037,0.029560,0.060589,0.065201,,,0.146914,0.165592
openmp,2,damma,pgm,5,,blur,1000,1278,0.076272,0.075401,0.016196,0.031662,0.061171,0.065722,,,0.153640,0.172785
openmp,2,damma,pgm,5,,laplace,1000,1278,0.076272,0.075401,0.017779,0.034561,0.058458,0.063679,,,0.152510,0.173641
openmp,2,damma,pgm,5,,sharpen,1000,1278,0.076272,0.075401,0.016452,0.032032,0.060672,0.065704,,,0.153395,0.173137
openmp,4,damma,pgm,1,,blur,1000,1278,0.073331,0.072584,0.008345,0.030783,0.061186,0.077011,,,0.142862,0.180378
openmp,4,damma,pgm,1,,laplace,1000,1278,0.073331,0.072584,0.009569,0.035146,0.061558,0.078349,,,0.144458,0.186079
openmp,4,damma,pgm,1,,sharpen,1000,1278,0.073331,0.072584,0.007993,0.030189,0.060809,0.076507,,,0.142134,0.179280
openmp,4,damma,pgm,2,,blur,1000,1278,0.070298,0.069994,0.008825,0.032476,0.077331,0.093201,,,0.156454,0.195671
openmp,4,damma,pgm,2,,laplace,1000,1278,0.070298,0.069994,0.009720,0.036786,0.059378,0.074983,,,0.139395,0.181763
openmp,4,damma,pgm,2,,sharpen,1000,1278,0.070298,0.069994,0.008170,0.032108,0.060030,0.074238,,,0.138498,0.176340
openmp,4,damma,pgm,3,,blur,1000,1278,0.070568,0.070238,0.008760,0.031792,0.060441,0.077377,,,0.139769,0.179407
openmp,4,damma,pgm,3,,laplace,1000,1278,0.070568,0.070238,0.008510,0.032711,0.059481,0.074461,,,0.138559,0.177410
openmp,4,damma,pgm,3,,sharpen,1000,1278,0.070568,0.070238,0.008202,0.032449,0.062919,0.076893,,,0.141688,0.179580
openmp,4,damma,pgm,4,,blur,1000,1278,0.071337,0.070765,0.008529,0.031976,0.060544,0.076072,,,0.140410,0.178813
openmp,4,damma,pgm,4,,laplace,1000,1278,0.071337,0.070765,0.009880,0.037704,0.063058,0.078541,,,0.144275,0.187010
openmp,4,damma,pgm,4,,sharpen,1000,1278,0.071337,0.070765,0.007932,0.030050,0.062666,0.078064,,,0.141935,0.178879
openmp,4,damma,pgm,5,,blur,1000,1278,0.076631,0.076170,0.009212,0.034617,0.061532,0.077491,,,0.147376,0.188278
openmp,4,damma,pgm,5,,laplace,1000,1278,0.076631,0.076170,0.008990,0.033746,0.060245,0.076323,,,0.145866,0.186239
openmp,4,damma,pgm,5,,sharpen,1000,1278,0.076631,0.076170,0.008096,0.029576,0.060989,0.077344,,,0.145716,0.183090
openmp,12,damma,pgm,1,,blur,1000,1278,0.075460,0.074729,0.005379,0.056083,0.065972,0.124124,,,0.146811,0.254936
openmp,12,damma,pgm,1,,laplace,1000,1278,0.075460,0.074729,0.009512,0.098294,0.061165,0.115441,,,0.146138,0.288464
openmp,12,damma,pgm,1,,sharpen,1000,1278,0.075460,0.074729,0.007495,0.081383,0.063485,0.112161,,,0.146440,0.268273
openmp,12,damma,pgm,2,,blur,1000,1278,0.073261,0.072602,0.008075,0.082339,0.062385,0.120235,,,0.143721,0.275176
openmp,12,damma,pgm,2,,laplace,1000,1278,0.073261,0.072602,0.005952,0.065895,0.063037,0.119132,,,0.142251,0.257629
openmp,12,damma,pgm,2,,sharpen,1000,1278,0.073261,0.072602,0.004028,0.044393,0.063361,0.120271,,,0.140650,0.237266
openmp,12,damma,pgm,3,,blur,1000,1278,0.070345,0.069564,0.008826,0.085003,0.063652,0.114986,,,0.142823,0.269553
openmp,12,damma,pgm,3,,laplace,1000,1278,0.070345,0.069564,0.007723,0.081434,0.060774,0.116901,,,0.138841,0.267899
openmp,12,damma,pgm,3,,sharpen,1000,1278,0.070345,0.069564,0.008145,0.083445,0.062877,0.118240,,,0.141367,0.271249
openmp,12,damma,pgm,4,,blur,1000,1278,0.070379,0.069851,0.008922,0.095388,0.062373,0.107582,,,0.141674,0.272821
openmp,12,damma,pgm,4,,laplace,1000,1278,0.070379,0.069851,0.005661,0.059176,0.062684,0.120457,,,0.138724,0.249484
openmp,12,damma,pgm,4,,sharpen,1000,1278,0.070379,0.069851,0.008160,0.074302,0.069581,0.122410,,,0.148120,0.266563
openmp,12,damma,pgm,5,,blur,1000,1278,0.074492,0.073491,0.008760,0.083643,0.064162,0.122747,,,0.147414,0.279881
openmp,12,damma,pgm,5,,laplace,1000,1278,0.074492,0.073491,0.008885,0.087528,0.063325,0.120131,,,0.146702,0.281150
openmp,12,damma,pgm,5,,sharpen,1000,1278,0.074492,0.073491,0.008948,0.082003,0.064425,0.122795,,,0.147864,0.278289
openmp,1,damma,ppm,1,,blur,1000,1278,0.211062,0.209085,0.092877,0.092453,0.138991,0.138135,,,0.442931,0.439673
openmp,1,damma,ppm,1,,laplace,1000,1278,0.211062,0.209085,0.093203,0.092561,0.138776,0.137824,,,0.443042,0.439470
openmp,1,damma,ppm,1,,sharpen,1000,1278,0.211062,0.209085,0.086082,0.085407,0.141679,0.140489,,,0.438823,0.434981
openmp,1,damma,ppm,2,,blur,1000,1278,0.219087,0.217061,0.094648,0.093751,0.141639,0.140349,,,0.455374,0.451161
openmp,1,damma,ppm,2,,laplace,1000,1278,0.219087,0.217061,0.095207,0.094317,0.138247,0.137465,,,0.452542,0.448843
openmp,1,damma,ppm,2,,sharpen,1000,1278,0.219087,0.217061,0.087523,0.086864,0.144260,0.142846,,,0.450869,0.446771
openmp,1,damma,ppm,3,,blur,1000,1278,0.235100,0.232456,0.095627,0.094739,0.142578,0.141294,,,0.473305,0.468489
openmp,1,damma,ppm,3,,laplace,1000,1278,0.235100,0.232456,0.094350,0.093784,0.137403,0.136787,,,0.466852,0.463027
openmp,1,damma,ppm,3,,sharpen,1000,1278,0.235100,0.232456,0.087303,0.086629,0.145810,0.144742,,,0.468213,0.463827
openmp,1,damma,ppm,4,,blur,1000,1278,0.218884,0.217235,0.093645,0.092835,0.144247,0.142935,,,0.456777,0.453005
openmp,1,damma,ppm,4,,laplace,1000,1278,0.218884,0.217235,0.093934,0.093216,0.141184,0.140222,,,0.454002,0.450673
openmp,1,damma,ppm,4,,sharpen,1000,1278,0.218884,0.217235,0.086875,0.086409,0.139579,0.138712,,,0.445338,0.442356
openmp,1,damma,ppm,5,,blur,1000,1278,0.211859,0.210632,0.094661,0.093819,0.143264,0.142194,,,0.449784,0.446645
openmp,1,damma,ppm,5,,laplace,1000,1278,0.211859,0.210632,0.095832,0.095078,0.146330,0.145184,,,0.454021,0.450894
openmp,1,damma,ppm,5,,sharpen,1000,1278,0.211859,0.210632,0.085911,0.085267,0.142340,0.141191,,,0.440110,0.437090
openmp,2,damma,ppm,1,,blur,1000,1278,0.213020,0.211346,0.049745,0.097271,0.186520,0.190462,,,0.449286,0.499079
openmp,2,damma,ppm,1,,laplace,1000,1278,0.213020,0.211346,0.049491,0.096738,0.177179,0.181477,,,0.439690,0.489561
openmp,2,damma,ppm,1,,sharpen,1000,1278,0.213020,0.211346,0.045271,0.089201,0.181580,0.185539,,,0.439872,0.486086
openmp,2,damma,ppm,2,,blur,1000,1278,0.255846,0.252474,0.050132,0.098495,0.190780,0.194792,,,0.496758,0.545761
openmp,2,damma,ppm,2,,laplace,1000,1278,0.255846,0.252474,0.050369,0.099533,0.176539,0.180025,,,0.482753,0.532032
openmp,2,damma,ppm,2,,sharpen,1000,1278,0.255846,0.252474,0.045733,0.089925,0.184195,0.188308,,,0.485773,0.530707
openmp,2,damma,ppm,3,,blur,1000,1278,0.235901,0.233793,0.047543,0.093684,0.185173,0.189470,,,0.468617,0.516947
openmp,2,damma,ppm,3,,laplace,1000,1278,0.235901,0.233793,0.050419,0.099238,0.184431,0.187933,,,0.470751,0.520964
openmp,2,damma,ppm,3,,sharpen,1000,1278,0.235901,0.233793,0.047108,0.091897,0.183294,0.186902,,,0.466302,0.512592
openmp,2,damma,ppm,4,,blur,1000,1278,0.229375,0.228169,0.049589,0.097420,0.190071,0.194047,,,0.469035,0.519636
openmp,2,damma,ppm,4,,laplace,1000,1278,0.229375,0.228169,0.050353,0.098737,0.175101,0.179537,,,0.454830,0.506443
openmp,2,damma,ppm,4,,sharpen,1000,1278,0.229375,0.228169,0.045013,0.089075,0.182163,0.185656,,,0.456552,0.502900
openmp,2,damma,ppm,5,,blur,1000,1278,0.228436,0.226834,0.047974,0.094704,0.178953,0.182904,,,0.455362,0.504442
openmp,2,damma,ppm,5,,laplace,1000,1278,0.228436,0.226834,0.050512,0.099929,0.178349,0.181896,,,0.457297,0.508659
openmp,2,damma,ppm,5,,sharpen,1000,1278,0.228436,0.226834,0.045219,0.088910,0.183346,0.187345,,,0.457001,0.503089
openmp,4,damma,ppm,1,,blur,1000,1278,0.212086,0.210429,0.024533,0.096736,0.180839,0.194072,,,0.417458,0.501237
openmp,4,damma,ppm,1,,laplace,1000,1278,0.212086,0.210429,0.026539,0.103130,0.175608,0.191102,,,0.414233,0.504661
openmp,4,damma,ppm,1,,sharpen,1000,1278,0.212086,0.210429,0.024748,0.097713,0.185881,0.199118,,,0.422714,0.507260
openmp,4,damma,ppm,2,,blur,1000,1278,0.213808,0.212183,0.026470,0.102360,0.179196,0.194319,,,0.419474,0.508862
openmp,4,damma,ppm,2,,laplace,1000,1278,0.213808,0.212183,0.024140,0.094388,0.173291,0.188651,,,0.411239,0.495222
openmp,4,damma,ppm,2,,sharpen,1000,1278,0.213808,0.212183,0.023807,0.093078,0.189649,0.203923,,,0.427264,0.509184
openmp,4,damma,ppm,3,,blur,1000,1278,0.235409,0.233053,0.028623,0.108014,0.186087,0.200638,,,0.450119,0.541705
openmp,4,damma,ppm,3,,laplace,1000,1278,0.235409,0.233053,0.024416,0.096355,0.182142,0.195811,,,0.441967,0.525219
openmp,4,damma,ppm,3,,sharpen,1000,1278,0.235409,0.233053,0.025243,0.098150,0.185165,0.200241,,,0.445817,0.531444
openmp,4,damma,ppm,4,,blur,1000,1278,0.226592,0.224104,0.026475,0.103658,0.184803,0.199202,,,0.437871,0.526964
openmp,4,damma,ppm,4,,laplace,1000,1278,0.226592,0.224104,0.023911,0.094039,0.176119,0.190104,,,0.426623,0.508247
openmp,4,damma,ppm,4,,sharpen,1000,1278,0.226592,0.224104,0.022163,0.086152,0.182525,0.197652,,,0.431280,0.507908
openmp,4,damma,ppm,5,,blur,1000,1278,0.216630,0.215144,0.024816,0.095650,0.182273,0.197937,,,0.423719,0.508731
openmp,4,damma,ppm,5,,laplace,1000,1278,0.216630,0.215144,0.026557,0.105044,0.177154,0.190385,,,0.420341,0.510573
openmp,4,damma,ppm,5,,sharpen,1000,1278,0.216630,0.215144,0.024461,0.094965,0.182626,0.198308,,,0.423717,0.508417
openmp,12,damma,ppm,1,,blur,1000,1278,0.211450,0.210221,0.021976,0.200575,0.190446,0.243479,,,0.423872,0.654275
openmp,12,damma,ppm,1,,laplace,1000,1278,0.211450,0.210221,0.017491,0.182671,0.176831,0.231927,,,0.405771,0.624819
openmp,12,damma,ppm,1,,sharpen,1000,1278,0.211450,0.210221,0.014574,0.162561,0.185433,0.241178,,,0.411456,0.613960
openmp,12,damma,ppm,2,,blur,1000,1278,0.209295,0.207897,0.016347,0.172366,0.181059,0.239796,,,0.406702,0.620059
openmp,12,damma,ppm,2,,laplace,1000,1278,0.209295,0.207897,0.016816,0.177188,0.182179,0.238283,,,0.408290,0.623368
openmp,12,damma,ppm,2,,sharpen,1000,1278,0.209295,0.207897,0.015331,0.163648,0.182607,0.237242,,,0.407233,0.608787
openmp,12,damma,ppm,3,,blur,1000,1278,0.223235,0.222244,0.015954,0.169583,0.180967,0.237531,,,0.420156,0.629358
openmp,12,damma,ppm,3,,laplace,1000,1278,0.223235,0.222244,0.020596,0.177701,0.196346,0.249150,,,0.440177,0.649095
openmp,12,damma,ppm,3,,sharpen,1000,1278,0.223235,0.222244,0.014835,0.160982,0.183717,0.241642,,,0.421787,0.624868
openmp,12,damma,ppm,4,,blur,1000,1278,0.208842,0.207947,0.018494,0.188875,0.180966,0.236885,,,0.408302,0.633707
openmp,12,damma,ppm,4,,laplace,1000,1278,0.208842,0.207947,0.017912,0.181800,0.174821,0.229244,,,0.401576,0.618991
openmp,12,damma,ppm,4,,sharpen,1000,1278,0.208842,0.207947,0.018658,0.171290,0.189624,0.244975,,,0.417124,0.624212
openmp,12,damma,ppm,5,,blur,1000,1278,0.231442,0.230013,0.017620,0.196423,0.187623,0.240985,,,0.436685,0.667421
openmp,12,damma,ppm,5,,laplace,1000,1278,0.231442,0.230013,0.015216,0.173988,0.182543,0.236184,,,0.429201,0.640185
openmp,12,damma,ppm,5,,sharpen,1000,1278,0.231442,0.230013,0.018019,0.171762,0.194199,0.248888,,,0.443659,0.650663
openmp,1,sulfur,pgm,1,,blur,823,1000,0.050314,0.049901,0.020358,0.020200,0.030814,0.030528,,,0.101486,0.100629
openmp,1,sulfur,pgm,1,,laplace,823,1000,0.050314,0.049901,0.020294,0.020151,0.029912,0.029658,,,0.100520,0.099710
openmp,1,sulfur,pgm,1,,sharpen,823,1000,0.050314,0.049901,0.018918,0.018797,0.030278,0.029948,,,0.099510,0.098646
openmp,1,sulfur,pgm,2,,blur,823,1000,0.045502,0.045254,0.020917,0.020767,0.031655,0.031360,,,0.098074,0.097381
openmp,1,sulfur,pgm,2,,laplace,823,1000,0.045502,0.045254,0.020781,0.020597,0.030109,0.029849,,,0.096393,0.095700
openmp,1,sulfur,pgm,2,,sharpen,823,1000,0.045502,0.045254,0.018678,0.018554,0.030406,0.030159,,,0.094586,0.093967
openmp,1,sulfur,pgm,3,,blur,823,1000,0.046374,0.045985,0.020425,0.020242,0.031167,0.030908,,,0.097966,0.097135
openmp,1,sulfur,pgm,3,,laplace,823,1000,0.046374,0.045985,0.020409,0.020251,0.030889,0.030664,,,0.097673,0.096900
openmp,1,sulfur,pgm,3,,sharpen,823,1000,0.046374,0.045985,0.020328,0.020015,0.031440,0.031081,,,0.098142,0.097081
openmp,1,sulfur,pgm,4,,blur,823,1000,0.045942,0.045549,0.020591,0.020409,0.030334,0.030094,,,0.096867,0.096052
openmp,1,sulfur,pgm,4,,laplace,823,1000,0.045942,0.045549,0.020296,0.020167,0.030261,0.030038,,,0.096500,0.095754
openmp,1,sulfur,pgm,4,,sharpen,823,1000,0.045942,0.045549,0.018686,0.018533,0.030175,0.029945,,,0.094803,0.094027
openmp,1,sulfur,pgm,5,,blur,823,1000,0.045152,0.044822,0.021080,0.020859,0.032246,0.031967,,,0.098478,0.097648
openmp,1,sulfur,pgm,5,,laplace,823,1000,0.045152,0.044822,0.020747,0.020551,0.029718,0.029533,,,0.095618,0.094906
openmp,1,sulfur,pgm,5,,sharpen,823,1000,0.045152,0.044822,0.018489,0.018368,0.030254,0.029955,,,0.093896,0.093145
openmp,2,sulfur,pgm,1,,blur,823,1000,0.044783,0.044470,0.010391,0.020536,0.039165,0.043645,,,0.094339,0.108651
openmp,2,sulfur,pgm,1,,laplace,823,1000,0.044783,0.044470,0.010909,0.021281,0.037987,0.042947,,,0.093679,0.108698
openmp,2,sulfur,pgm,1,,sharpen,823,1000,0.044783,0.044470,0.009708,0.019094,0.039714,0.044316,,,0.094206,0.107880
openmp,2,sulfur,pgm,2,,blur,823,1000,0.044707,0.044340,0.010366,0.020352,0.038788,0.043539,,,0.093861,0.108231
openmp,2,sulfur,pgm,2,,laplace,823,1000,0.044707,0.044340,0.014020,0.027393,0.039881,0.044851,,,0.098608,0.116584
openmp,2,sulfur,pgm,2,,sharpen,823,1000,0.044707,0.044340,0.010013,0.019667,0.038809,0.043623,,,0.093529,0.107630
openmp,2,sulfur,pgm,3,,blur,823,1000,0.047052,0.046660,0.010360,0.019644,0.038338,0.043761,,,0.095750,0.110065
openmp,2,sulfur,pgm,3,,laplace,823,1000,0.047052,0.046660,0.010311,0.019616,0.038403,0.043745,,,0.095766,0.110021
openmp,2,sulfur,pgm,3,,sharpen,823,1000,0.047052,0.046660,0.009762,0.019373,0.044758,0.049183,,,0.101572,0.115216
openmp,2,sulfur,pgm,4,,blur,823,1000,0.054413,0.053414,0.015927,0.029805,0.058320,0.063217,,,0.128660,0.146436
openmp,2,sulfur,pgm,4,,laplace,823,1000,0.054413,0.053414,0.012625,0.024779,0.038924,0.043548,,,0.105962,0.121741
openmp,2,sulfur,pgm,4,,sharpen,823,1000,0.054413,0.053414,0.009501,0.018197,0.040648,0.045439,,,0.104563,0.117050
openmp,2,sulfur,pgm,5,,blur,823,1000,0.045396,0.044842,0.010579,0.020231,0.039140,0.044575,,,0.095116,0.109648
openmp,2,sulfur,pgm,5,,laplace,823,1000,0.045396,0.044842,0.010991,0.021562,0.040487,0.045042,,,0.096875,0.111446
openmp,2,sulfur,pgm,5,,sharpen,823,1000,0.045396,0.044842,0.010373,0.020486,0.039503,0.044048,,,0.095273,0.109376
openmp,4,sulfur,pgm,1,,blur,823,1000,0.049888,0.049431,0.005952,0.022329,0.040578,0.055759,,,0.096419,0.127519
openmp,4,sulfur,pgm,1,,laplace,823,1000,0.049888,0.049431,0.007081,0.026964,0.041017,0.055966,,,0.097986,0.132361
openmp,4,sulfur,pgm,1,,sharpen,823,1000,0.049888,0.049431,0.006951,0.026786,0.042493,0.057596,,,0.099332,0.133813
openmp,4,sulfur,pgm,2,,blur,823,1000,0.047013,0.046732,0.005856,0.020583,0.039656,0.056334,,,0.092525,0.123649
openmp,4,sulfur,pgm,2,,laplace,823,1000,0.047013,0.046732,0.005698,0.021207,0.041629,0.057000,,,0.094340,0.124939
openmp,4,sulfur,pgm,2,,sharpen,823,1000,0.047013,0.046732,0.005716,0.020181,0.040301,0.056928,,,0.093030,0.123841
openmp,4,sulfur,pgm,3,,blur,823,1000,0.045080,0.044834,0.005308,0.018168,0.038894,0.055954,,,0.089282,0.118956
openmp,4,sulfur,pgm,3,,laplace,823,1000,0.045080,0.044834,0.005777,0.020292,0.048401,0.065052,,,0.099258,0.130178
openmp,4,sulfur,pgm,3,,sharpen,823,1000,0.045080,0.044834,0.009099,0.029753,0.043799,0.058823,,,0.097979,0.133410
openmp,4,sulfur,pgm,4,,blur,823,1000,0.049857,0.049507,0.005758,0.021919,0.040480,0.055341,,,0.096096,0.126767
openmp,4,sulfur,pgm,4,,laplace,823,1000,0.049857,0.049507,0.007538,0.027696,0.042217,0.058941,,,0.099612,0.136144
openmp,4,sulfur,pgm,4,,sharpen,823,1000,0.049857,0.049507,0.006375,0.024281,0.042890,0.058540,,,0.099122,0.132328
openmp,4,sulfur,pgm,5,,blur,823,1000,0.046243,0.045759,0.005768,0.020232,0.039391,0.055935,,,0.091402,0.121926
openmp,4,sulfur,pgm,5,,laplace,823,1000,0.046243,0.045759,0.007403,0.026592,0.040003,0.057041,,,0.093649,0.129392
openmp,4,sulfur,pgm,5,,sharpen,823,1000,0.046243,0.045759,0.005043,0.019961,0.040577,0.054774,,,0.091863,0.120494
openmp,12,sulfur,pgm,1,,blur,823,1000,0.047614,0.047394,0.005038,0.046153,0.041499,0.101643,,,0.094151,0.195190
openmp,12,sulfur,pgm,1,,laplace,823,1000,0.047614,0.047394,0.005147,0.047678,0.044205,0.101085,,,0.096966,0.196157
openmp,12,sulfur,pgm,1,,sharpen,823,1000,0.047614,0.047394,0.006193,0.061633,0.044411,0.086576,,,0.098218,0.195603
openmp,12,sulfur,pgm,2,,blur,823,1000,0.047508,0.047210,0.006937,0.061643,0.043917,0.102478,,,0.098361,0.211331
openmp,12,sulfur,pgm,2,,laplace,823,1000,0.047508,0.047210,0.003960,0.038614,0.040884,0.100041,,,0.092352,0.185865
openmp,12,sulfur,pgm,2,,sharpen,823,1000,0.047508,0.047210,0.003517,0.036722,0.041311,0.098113,,,0.092335,0.182045
openmp,12,sulfur,pgm,3,,blur,823,1000,0.046569,0.046056,0.003086,0.028294,0.040755,0.101190,,,0.090410,0.175540
openmp,12,sulfur,pgm,3,,laplace,823,1000,0.046569,0.046056,0.005139,0.048501,0.040924,0.100545,,,0.092631,0.195102
openmp,12,sulfur,pgm,3,,sharpen,823,1000,0.046569,0.046056,0.002824,0.027604,0.041123,0.101132,,,0.090516,0.174792
openmp,12,sulfur,pgm,4,,blur,823,1000,0.044652,0.044422,0.004975,0.045348,0.039610,0.102104,,,0.089237,0.191874
openmp,12,sulfur,pgm,4,,laplace,823,1000,0.044652,0.044422,0.005208,0.045844,0.040639,0.102917,,,0.090499,0.193183
openmp,12,sulfur,pgm,4,,sharpen,823,1000,0.044652,0.044422,0.004945,0.045385,0.040872,0.099520,,,0.090468,0.189327
openmp,12,sulfur,pgm,5,,blur,823,1000,0.047859,0.047290,0.009832,0.091212,0.044500,0.102042,,,0.102190,0.240544
openmp,12,sulfur,pgm,5,,laplace,823,1000,0.047859,0.047290,0.005089,0.045702,0.041645,0.099645,,,0.094593,0.192637
openmp,12,sulfur,pgm,5,,sharpen,823,1000,0.047859,0.047290,0.002514,0.022369,0.040770,0.102655,,,0.091143,0.172314
openmp,1,sulfur,ppm,1,,blur,823,1000,0.138699,0.137911,0.060600,0.060193,0.090307,0.089855,,,0.289606,0.287959
openmp,1,sulfur,ppm,1,,laplace,823,1000,0.138699,0.137911,0.061792,0.061412,0.089445,0.088872,,,0.289936,0.288195
openmp,1,sulfur,ppm,1,,sharpen,823,1000,0.138699,0.137911,0.055265,0.055036,0.088486,0.088149,,,0.282450,0.281096
openmp,1,sulfur,ppm,2,,blur,823,1000,0.137912,0.136941,0.059359,0.059013,0.089613,0.089087,,,0.286885,0.285041
openmp,1,sulfur,ppm,2,,laplace,823,1000,0.137912,0.136941,0.060685,0.060277,0.089372,0.088858,,,0.287970,0.286076
openmp,1,sulfur,ppm,2,,sharpen,823,1000,0.137912,0.136941,0.054899,0.054708,0.089291,0.088945,,,0.282102,0.280594
openmp,1,sulfur,ppm,3,,blur,823,1000,0.147637,0.146762,0.059779,0.059478,0.089029,0.088595,,,0.296445,0.294835
openmp,1,sulfur,ppm,3,,laplace,823,1000,0.147637,0.146762,0.060299,0.059925,0.089045,0.088524,,,0.296981,0.295211
openmp,1,sulfur,ppm,3,,sharpen,823,1000,0.147637,0.146762,0.057127,0.056703,0.090418,0.089833,,,0.295182,0.293298
openmp,1,sulfur,ppm,4,,blur,823,1000,0.135433,0.134630,0.059484,0.059170,0.090327,0.089818,,,0.285244,0.283618
openmp,1,sulfur,ppm,4,,laplace,823,1000,0.135433,0.134630,0.059822,0.059477,0.089182,0.088708,,,0.284438,0.282815
openmp,1,sulfur,ppm,4,,sharpen,823,1000,0.135433,0.134630,0.055508,0.055174,0.091530,0.090977,,,0.282471,0.280781
openmp,1,sulfur,ppm,5,,blur,823,1000,0.135964,0.135149,0.061349,0.060932,0.091615,0.090959,,,0.288928,0.287040
openmp,1,sulfur,ppm,5,,laplace,823,1000,0.135964,0.135149,0.060037,0.059580,0.096636,0.095905,,,0.292637,0.290634
openmp,1,sulfur,ppm,5,,sharpen,823,1000,0.135964,0.135149,0.057101,0.056713,0.093310,0.092855,,,0.286376,0.284717
openmp,2,sulfur,ppm,1,,blur,823,1000,0.143229,0.142059,0.038318,0.075064,0.123474,0.127957,,,0.305021,0.345080
openmp,2,sulfur,ppm,1,,laplace,823,1000,0.143229,0.142059,0.031878,0.063109,0.113892,0.118245,,,0.288999,0.323413
openmp,2,sulfur,ppm,1,,sharpen,823,1000,0.143229,0.142059,0.028493,0.056093,0.119259,0.123865,,,0.290981,0.322017
openmp,2,sulfur,ppm,2,,blur,823,1000,0.143781,0.142470,0.030447,0.059539,0.115307,0.120133,,,0.289534,0.322142
openmp,2,sulfur,ppm,2,,laplace,823,1000,0.143781,0.142470,0.030225,0.059787,0.118072,0.122146,,,0.292077,0.324403
openmp,2,sulfur,ppm,2,,sharpen,823,1000,0.143781,0.142470,0.032136,0.063238,0.122925,0.127384,,,0.298842,0.333092
openmp,2,sulfur,ppm,3,,blur,823,1000,0.142150,0.141401,0.031387,0.062040,0.113835,0.118380,,,0.287373,0.321821
openmp,2,sulfur,ppm,3,,laplace,823,1000,0.142150,0.141401,0.031974,0.062589,0.112289,0.117330,,,0.286412,0.321320
openmp,2,sulfur,ppm,3,,sharpen,823,1000,0.142150,0.141401,0.028991,0.057402,0.120955,0.125167,,,0.292096,0.323970
openmp,2,sulfur,ppm,4,,blur,823,1000,0.135676,0.135047,0.031056,0.060950,0.115996,0.120805,,,0.282728,0.316802
openmp,2,sulfur,ppm,4,,laplace,823,1000,0.135676,0.135047,0.032166,0.062942,0.117903,0.123112,,,0.285744,0.321101
openmp,2,sulfur,ppm,4,,sharpen,823,1000,0.135676,0.135047,0.030903,0.060487,0.124614,0.129474,,,0.291192,0.325008
openmp,2,sulfur,ppm,5,,blur,823,1000,0.135334,0.134505,0.030422,0.060112,0.116500,0.120736,,,0.282256,0.315353
openmp,2,sulfur,ppm,5,,laplace,823,1000,0.135334,0.134505,0.032855,0.064262,0.121957,0.126339,,,0.290146,0.325106
openmp,2,sulfur,ppm,5,,sharpen,823,1000,0.135334,0.134505,0.033113,0.064393,0.130674,0.135094,,,0.299121,0.333992
openmp,4,sulfur,ppm,1,,blur,823,1000,0.138366,0.137699,0.016614,0.063448,0.115531,0.131647,,,0.270511,0.332794
openmp,4,sulfur,ppm,1,,laplace,823,1000,0.138366,0.137699,0.017281,0.067001,0.111887,0.127344,,,0.267534,0.332044
openmp,4,sulfur,ppm,1,,sharpen,823,1000,0.138366,0.137699,0.015295,0.059145,0.118992,0.134408,,,0.272653,0.331252
openmp,4,sulfur,ppm,2,,blur,823,1000,0.137970,0.137362,0.017077,0.067220,0.129920,0.143955,,,0.284968,0.348537
openmp,4,sulfur,ppm,2,,laplace,823,1000,0.137970,0.137362,0.015969,0.060940,0.114155,0.130087,,,0.268094,0.328389
openmp,4,sulfur,ppm,2,,sharpen,823,1000,0.137970,0.137362,0.014937,0.056497,0.118629,0.135175,,,0.271535,0.329034
openmp,4,sulfur,ppm,3,,blur,823,1000,0.136941,0.135822,0.016383,0.062905,0.120291,0.135768,,,0.273615,0.334495
openmp,4,sulfur,ppm,3,,laplace,823,1000,0.136941,0.135822,0.015969,0.061505,0.135882,0.151308,,,0.288792,0.348635
openmp,4,sulfur,ppm,3,,sharpen,823,1000,0.136941,0.135822,0.015389,0.058266,0.119035,0.135445,,,0.271365,0.329533
openmp,4,sulfur,ppm,4,,blur,823,1000,0.136446,0.135735,0.015705,0.061367,0.116612,0.131510,,,0.268763,0.328612
openmp,4,sulfur,ppm,4,,laplace,823,1000,0.136446,0.135735,0.016280,0.064094,0.119583,0.133972,,,0.272309,0.333801
openmp,4,sulfur,ppm,4,,sharpen,823,1000,0.136446,0.135735,0.015884,0.061470,0.118180,0.133990,,,0.270510,0.331195
openmp,4,sulfur,ppm,5,,blur,823,1000,0.137578,0.136988,0.016488,0.063159,0.115741,0.131559,,,0.269807,0.331706
openmp,4,sulfur,ppm,5,,laplace,823,1000,0.137578,0.136988,0.026174,0.096698,0.141358,0.156531,,,0.305110,0.390217
openmp,4,sulfur,ppm,5,,sharpen,823,1000,0.137578,0.136988,0.015970,0.061298,0.121039,0.137489,,,0.274587,0.335775
openmp,12,sulfur,ppm,1,,blur,823,1000,0.144787,0.143604,0.014828,0.134225,0.119461,0.177261,,,0.279076,0.455090
openmp,12,sulfur,ppm,1,,laplace,823,1000,0.144787,0.143604,0.014399,0.145630,0.114793,0.169669,,,0.273980,0.458903
openmp,12,sulfur,ppm,1,,sharpen,823,1000,0.144787,0.143604,0.013297,0.134443,0.118938,0.173584,,,0.277023,0.451631
openmp,12,sulfur,ppm,2,,blur,823,1000,0.144787,0.143703,0.009894,0.105545,0.121243,0.185320,,,0.275923,0.434568
openmp,12,sulfur,ppm,2,,laplace,823,1000,0.144787,0.143703,0.016188,0.137542,0.117930,0.173344,,,0.278905,0.454589
openmp,12,sulfur,ppm,2,,sharpen,823,1000,0.144787,0.143703,0.010010,0.102016,0.119959,0.182615,,,0.274755,0.428334
openmp,12,sulfur,ppm,3,,blur,823,1000,0.136351,0.135371,0.011944,0.123862,0.117625,0.181272,,,0.265920,0.440505
openmp,12,sulfur,ppm,3,,laplace,823,1000,0.136351,0.135371,0.009414,0.099844,0.117107,0.180304,,,0.262872,0.415519
openmp,12,sulfur,ppm,3,,sharpen,823,1000,0.136351,0.135371,0.011259,0.117488,0.126167,0.182510,,,0.273777,0.435369
openmp,12,sulfur,ppm,4,,blur,823,1000,0.139610,0.139038,0.011174,0.118207,0.117483,0.176674,,,0.268266,0.433919
openmp,12,sulfur,ppm,4,,laplace,823,1000,0.139610,0.139038,0.013853,0.140408,0.117599,0.173100,,,0.271062,0.452546
openmp,12,sulfur,ppm,4,,sharpen,823,1000,0.139610,0.139038,0.011095,0.122472,0.120914,0.177554,,,0.271618,0.439064
openmp,12,sulfur,ppm,5,,blur,823,1000,0.136124,0.135060,0.010887,0.108061,0.120258,0.182473,,,0.267270,0.425594
openmp,12,sulfur,ppm,5,,laplace,823,1000,0.136124,0.135060,0.013526,0.131657,0.114800,0.169752,,,0.264451,0.436469
openmp,12,sulfur,ppm,5,,sharpen,823,1000,0.136124,0.135060,0.015179,0.143462,0.139227,0.168582,,,0.290530,0.447104
mpi,1,damma,pgm,1,0,todos,1000,1278,,,0.096535,0.095471,,,0.010852,0.010677,,
mpi,1,damma,pgm,2,0,todos,1000,1278,,,0.094603,0.093865,,,0.010391,0.010293,,
mpi,1,damma,pgm,3,0,todos,1000,1278,,,0.094409,0.094065,,,0.010545,0.010480,,
mpi,1,damma,pgm,4,0,todos,1000,1278,,,0.116552,0.112967,,,0.011837,0.011724,,
mpi,1,damma,pgm,5,0,todos,1000,1278,,,0.094933,0.094382,,,0.010074,0.010002,,
mpi,2,damma,pgm,1,0,todos,1000,1278,,,0.047751,0.047554,,,0.011664,0.011567,,
mpi,2,damma,pgm,1,1,todos,1000,1278,,,0.048835,0.048485,,,0.010567,0.010438,,
mpi,2,damma,pgm,2,0,todos,1000,1278,,,0.047930,0.047619,,,0.010726,0.010661,,
mpi,2,damma,pgm,2,1,todos,1000,1278,,,0.049498,0.048983,,,0.009144,0.009064,,
mpi,2,damma,pgm,3,0,todos,1000,1278,,,0.049096,0.048779,,,0.010361,0.010273,,
mpi,2,damma,pgm,3,1,todos,1000,1278,,,0.049343,0.049147,,,0.010100,0.010064,,
mpi,2,damma,pgm,4,0,todos,1000,1278,,,0.052681,0.052271,,,0.011246,0.011153,,
mpi,2,damma,pgm,4,1,todos,1000,1278,,,0.049299,0.049039,,,0.014591,0.014484,,
mpi,2,damma,pgm,5,0,todos,1000,1278,,,0.048319,0.048137,,,0.016080,0.015969,,
mpi,2,damma,pgm,5,1,todos,1000,1278,,,0.048112,0.047813,,,0.016261,0.016137,,
mpi,4,damma,pgm,1,0,todos,1000,1278,,,0.025070,0.024942,,,0.011101,0.011017,,
mpi,4,damma,pgm,1,3,todos,1000,1278,,,0.024414,0.024234,,,0.011744,0.011695,,
mpi,4,damma,pgm,1,2,todos,1000,1278,,,0.024389,0.024297,,,0.009722,0.009677,,
mpi,4,damma,pgm,1,1,todos,1000,1278,,,0.026070,0.025754,,,0.005987,0.005950,,
mpi,4,damma,pgm,2,0,todos,1000,1278,,,0.026459,0.026316,,,0.012021,0.011935,,
mpi,4,damma,pgm,2,3,todos,1000,1278,,,0.024809,0.024715,,,0.013661,0.013608,,
mpi,4,damma,pgm,2,1,todos,1000,1278,,,0.024691,0.024618,,,0.009368,0.009326,,
mpi,4,damma,pgm,2,2,todos,1000,1278,,,0.024848,0.024711,,,0.011530,0.011477,,
mpi,4,damma,pgm,3,0,todos,1000,1278,,,0.034328,0.034073,,,0.011880,0.011755,,
mpi,4,damma,pgm,3,3,todos,1000,1278,,,0.025862,0.025729,,,0.020330,0.020234,,
mpi,4,damma,pgm,3,2,todos,1000,1278,,,0.026036,0.025913,,,0.017885,0.017814,,
mpi,4,damma,pgm,3,1,todos,1000,1278,,,0.025755,0.025641,,,0.015630,0.015559,,
mpi,4,damma,pgm,4,0,todos,1000,1278,,,0.028061,0.027927,,,0.014317,0.014198,,
mpi,4,damma,pgm,4,3,todos,1000,1278,,,0.025981,0.025774,,,0.016371,0.016120,,
mpi,4,damma,pgm,4,2,todos,1000,1278,,,0.025600,0.025450,,,0.013449,0.013330,,
mpi,4,damma,pgm,4,1,todos,1000,1278,,,0.025437,0.025319,,,0.011133,0.011069,,
mpi,4,damma,pgm,5,0,todos,1000,1278,,,0.025303,0.025188,,,0.013526,0.013423,,
mpi,4,damma,pgm,5,2,todos,1000,1278,,,0.025298,0.025191,,,0.010833,0.010778,,
mpi,4,damma,pgm,5,1,todos,1000,1278,,,0.028137,0.027975,,,0.005728,0.005688,,
mpi,4,damma,pgm,5,3,todos,1000,1278,,,0.026029,0.025851,,,0.012783,0.012699,,
mpi,1,damma,ppm,1,0,todos,1000,1278,,,0.290363,0.288944,,,0.038734,0.038532,,
mpi,1,damma,ppm,2,0,todos,1000,1278,,,0.284630,0.283036,,,0.037278,0.037068,,
mpi,1,damma,ppm,3,0,todos,1000,1278,,,0.291782,0.289453,,,0.035725,0.035390,,
mpi,1,damma,ppm,4,0,todos,1000,1278,,,0.281604,0.280452,,,0.032687,0.032534,,
mpi,1,damma,ppm,5,0,todos,1000,1278,,,0.283228,0.281605,,,0.032661,0.032518,,
mpi,2,damma,ppm,1,0,todos,1000,1278,,,0.144351,0.143829,,,0.035631,0.035475,,
mpi,2,damma,ppm,1,1,todos,1000,1278,,,0.142732,0.141961,,,0.037237,0.037005,,
mpi,2,damma,ppm,2,0,todos,1000,1278,,,0.142317,0.141527,,,0.037188,0.036939,,
mpi,2,damma,ppm,2,1,todos,1000,1278,,,0.144743,0.143712,,,0.034747,0.034568,,
mpi,2,damma,ppm,3,0,todos,1000,1278,,,0.138532,0.137883,,,0.033491,0.033278,,
mpi,2,damma,ppm,3,1,todos,1000,1278,,,0.141170,0.140158,,,0.030839,0.030597,,
mpi,2,damma,ppm,4,0,todos,1000,1278,,,0.141314,0.140687,,,0.033734,0.033568,,
mpi,2,damma,ppm,4,1,todos,1000,1278,,,0.142187,0.140818,,,0.032860,0.032512,,
mpi,2,damma,ppm,5,0,todos,1000,1278,,,0.143089,0.141763,,,0.038893,0.038431,,
mpi,2,damma,ppm,5,1,todos,1000,1278,,,0.141992,0.141207,,,0.039978,0.039740,,
mpi,4,damma,ppm,1,0,todos,1000,1278,,,0.075816,0.075442,,,0.035901,0.035606,,
mpi,4,damma,ppm,1,3,todos,1000,1278,,,0.073875,0.073296,,,0.037818,0.037466,,
mpi,4,damma,ppm,1,2,todos,1000,1278,,,0.073285,0.072648,,,0.031356,0.031085,,
mpi,4,damma,ppm,1,1,todos,1000,1278,,,0.074217,0.073916,,,0.024045,0.023913,,
mpi,4,damma,ppm,2,0,todos,1000,1278,,,0.078776,0.077718,,,0.036251,0.035722,,
mpi,4,damma,ppm,2,3,todos,1000,1278,,,0.078207,0.077483,,,0.036796,0.036442,,
mpi,4,damma,ppm,2,2,todos,1000,1278,,,0.079753,0.079197,,,0.028911,0.028781,,
mpi,4,damma,ppm,2,1,todos,1000,1278,,,0.084615,0.083641,,,0.017569,0.017446,,
mpi,4,damma,ppm,3,0,todos,1000,1278,,,0.078361,0.077998,,,0.038615,0.038264,,
mpi,4,damma,ppm,3,3,todos,1000,1278,,,0.078811,0.077867,,,0.038129,0.037883,,
mpi,4,damma,ppm,3,2,todos,1000,1278,,,0.078795,0.077533,,,0.031048,0.030626,,
mpi,4,damma,ppm,3,1,todos,1000,1278,,,0.077898,0.077370,,,0.024364,0.024205,,
mpi,4,damma,ppm,4,0,todos,1000,1278,,,0.077560,0.077190,,,0.035546,0.035226,,
mpi,4,damma,ppm,4,2,todos,1000,1278,,,0.078704,0.077590,,,0.027898,0.027605,,
mpi,4,damma,ppm,4,1,todos,1000,1278,,,0.076633,0.076148,,,0.023444,0.023338,,
mpi,4,damma,ppm,4,3,todos,1000,1278,,,0.082179,0.081280,,,0.030905,0.030648,,
mpi,4,damma,ppm,5,0,todos,1000,1278,,,0.080513,0.078782,,,0.038677,0.037817,,
mpi,4,damma,ppm,5,3,todos,1000,1278,,,0.080824,0.080384,,,0.038349,0.038171,,
mpi,4,damma,ppm,5,2,todos,1000,1278,,,0.080430,0.079237,,,0.031590,0.031194,,
mpi,4,damma,ppm,5,1,todos,1000,1278,,,0.081083,0.080477,,,0.022751,0.022598,,
mpi,1,sulfur,pgm,1,0,todos,823,1000,,,0.062236,0.061576,,,0.006504,0.006466,,
mpi,1,sulfur,pgm,2,0,todos,823,1000,,,0.063141,0.062706,,,0.006965,0.006897,,
mpi,1,sulfur,pgm,3,0,todos,823,1000,,,0.061241,0.060897,,,0.006578,0.006536,,
mpi,1,sulfur,pgm,4,0,todos,823,1000,,,0.072497,0.071976,,,0.006908,0.006871,,
mpi,1,sulfur,pgm,5,0,todos,823,1000,,,0.062993,0.062475,,,0.006890,0.006855,,
mpi,2,sulfur,pgm,1,0,todos,823,1000,,,0.032716,0.032320,,,0.007620,0.007538,,
mpi,2,sulfur,pgm,1,1,todos,823,1000,,,0.031670,0.031466,,,0.008657,0.008605,,
mpi,2,sulfur,pgm,2,0,todos,823,1000,,,0.031793,0.031357,,,0.007678,0.007515,,
mpi,2,sulfur,pgm,2,1,todos,823,1000,,,0.031783,0.031531,,,0.007674,0.007594,,
mpi,2,sulfur,pgm,3,0,todos,823,1000,,,0.031150,0.030782,,,0.007765,0.007664,,
mpi,2,sulfur,pgm,3,1,todos,823,1000,,,0.031123,0.030994,,,0.007779,0.007724,,
mpi,2,sulfur,pgm,4,0,todos,823,1000,,,0.031641,0.031427,,,0.007383,0.007300,,
mpi,2,sulfur,pgm,4,1,todos,823,1000,,,0.031590,0.031410,,,0.007423,0.007367,,
mpi,2,sulfur,pgm,5,0,todos,823,1000,,,0.031910,0.031627,,,0.008612,0.008501,,
mpi,2,sulfur,pgm,5,1,todos,823,1000,,,0.030411,0.030304,,,0.010097,0.010052,,
mpi,4,sulfur,pgm,1,0,todos,823,1000,,,0.016978,0.016829,,,0.008958,0.008853,,
mpi,4,sulfur,pgm,1,2,todos,823,1000,,,0.016884,0.016721,,,0.007662,0.007555,,
mpi,4,sulfur,pgm,1,3,todos,823,1000,,,0.017211,0.017054,,,0.008699,0.008581,,
mpi,4,sulfur,pgm,1,1,todos,823,1000,,,0.017450,0.017265,,,0.005230,0.005174,,
mpi,4,sulfur,pgm,2,0,todos,823,1000,,,0.016485,0.016261,,,0.008259,0.008098,,
mpi,4,sulfur,pgm,2,3,todos,823,1000,,,0.016059,0.015919,,,0.008656,0.008610,,
mpi,4,sulfur,pgm,2,2,todos,823,1000,,,0.016513,0.016413,,,0.006576,0.006552,,
mpi,4,sulfur,pgm,2,1,todos,823,1000,,,0.017368,0.017153,,,0.004267,0.004248,,
mpi,4,sulfur,pgm,3,0,todos,823,1000,,,0.016642,0.016422,,,0.009066,0.008850,,
mpi,4,sulfur,pgm,3,3,todos,823,1000,,,0.015813,0.015735,,,0.009880,0.009832,,
mpi,4,sulfur,pgm,3,2,todos,823,1000,,,0.016376,0.016285,,,0.007662,0.007614,,
mpi,4,sulfur,pgm,3,1,todos,823,1000,,,0.016018,0.015866,,,0.006172,0.006091,,
mpi,4,sulfur,pgm,4,0,todos,823,1000,,,0.015870,0.015771,,,0.007641,0.007530,,
mpi,4,sulfur,pgm,4,1,todos,823,1000,,,0.016398,0.016320,,,0.004304,0.004284,,
mpi,4,sulfur,pgm,4,3,todos,823,1000,,,0.016321,0.016235,,,0.007167,0.007135,,
mpi,4,sulfur,pgm,4,2,todos,823,1000,,,0.015938,0.015830,,,0.006129,0.006079,,
mpi,4,sulfur,pgm,5,0,todos,823,1000,,,0.017329,0.017218,,,0.008148,0.008056,,
mpi,4,sulfur,pgm,5,3,todos,823,1000,,,0.018690,0.018584,,,0.006777,0.006738,,
mpi,4,sulfur,pgm,5,2,todos,823,1000,,,0.016306,0.016210,,,0.007625,0.007587,,
mpi,4,sulfur,pgm,5,1,todos,823,1000,,,0.016251,0.016164,,,0.006121,0.006078,,
mpi,1,sulfur,ppm,1,0,todos,823,1000,,,0.182308,0.181138,,,0.020111,0.019953,,
mpi,1,sulfur,ppm,2,0,todos,823,1000,,,0.182115,0.181139,,,0.020954,0.020746,,
mpi,1,sulfur,ppm,3,0,todos,823,1000,,,0.182747,0.181507,,,0.021160,0.020999,,
mpi,1,sulfur,ppm,4,0,todos,823,1000,,,0.180365,0.179321,,,0.019657,0.019527,,
mpi,1,sulfur,ppm,5,0,todos,823,1000,,,0.181232,0.179692,,,0.020036,0.019809,,
mpi,2,sulfur,ppm,1,0,todos,823,1000,,,0.090583,0.090078,,,0.020536,0.020388,,
mpi,2,sulfur,ppm,1,1,todos,823,1000,,,0.091574,0.090719,,,0.019528,0.019316,,
mpi,2,sulfur,ppm,2,0,todos,823,1000,,,0.092355,0.091542,,,0.020868,0.020636,,
mpi,2,sulfur,ppm,2,1,todos,823,1000,,,0.090546,0.090116,,,0.022662,0.022527,,
mpi,2,sulfur,ppm,3,0,todos,823,1000,,,0.092258,0.091184,,,0.020912,0.020660,,
mpi,2,sulfur,ppm,3,1,todos,823,1000,,,0.091108,0.090382,,,0.022050,0.021825,,
mpi,2,sulfur,ppm,4,0,todos,823,1000,,,0.093163,0.091783,,,0.020681,0.020270,,
mpi,2,sulfur,ppm,4,1,todos,823,1000,,,0.094030,0.093112,,,0.019797,0.019594,,
mpi,2,sulfur,ppm,5,0,todos,823,1000,,,0.091610,0.091207,,,0.023125,0.022992,,
mpi,2,sulfur,ppm,5,1,todos,823,1000,,,0.091146,0.090394,,,0.023574,0.023265,,
mpi,4,sulfur,ppm,1,0,todos,823,1000,,,0.049583,0.049365,,,0.024097,0.024270,,
mpi,4,sulfur,ppm,1,3,todos,823,1000,,,0.050998,0.050765,,,0.022670,0.022565,,
mpi,4,sulfur,ppm,1,1,todos,823,1000,,,0.051668,0.051376,,,0.012408,0.012357,,
mpi,4,sulfur,ppm,1,2,todos,823,1000,,,0.050431,0.049929,,,0.018497,0.018311,,
mpi,4,sulfur,ppm,2,0,todos,823,1000,,,0.051696,0.051275,,,0.025126,0.024805,,
mpi,4,sulfur,ppm,2,3,todos,823,1000,,,0.052311,0.051710,,,0.024497,0.024140,,
mpi,4,sulfur,ppm,2,2,todos,823,1000,,,0.054147,0.053795,,,0.017796,0.017699,,
mpi,4,sulfur,ppm,2,1,todos,823,1000,,,0.052984,0.052669,,,0.013691,0.013622,,
mpi,4,sulfur,ppm,3,0,todos,823,1000,,,0.051529,0.050476,,,0.025211,0.024777,,
mpi,4,sulfur,ppm,3,1,todos,823,1000,,,0.050274,0.050018,,,0.017262,0.017179,,
mpi,4,sulfur,ppm,3,3,todos,823,1000,,,0.051329,0.050692,,,0.025391,0.025127,,
mpi,4,sulfur,ppm,3,2,todos,823,1000,,,0.051552,0.051232,,,0.020935,0.020782,,
mpi,4,sulfur,ppm,4,0,todos,823,1000,,,0.048640,0.048359,,,0.027104,0.026821,,
mpi,4,sulfur,ppm,4,3,todos,823,1000,,,0.049084,0.048766,,,0.026636,0.026458,,
mpi,4,sulfur,ppm,4,2,todos,823,1000,,,0.051263,0.050912,,,0.020112,0.019929,,
mpi,4,sulfur,ppm,4,1,todos,823,1000,,,0.049144,0.048450,,,0.017056,0.016845,,
mpi,4,sulfur,ppm,5,0,todos,823,1000,,,0.048083,0.047889,,,0.023779,0.023585,,
mpi,4,sulfur,ppm,5,1,todos,823,1000,,,0.050089,0.049660,,,0.012730,0.012567,,
mpi,4,sulfur,ppm,5,3,todos,823,1000,,,0.048154,0.047954,,,0.023684,0.023587,,
mpi,4,sulfur,ppm,5,2,todos,823,1000,,,0.047903,0.047718,,,0.019479,0.019384,,
